39	1	2014-08-30
39	2	2014-09-20
13	3	2014-09-02
3	4	2014-09-02
31	5	2014-09-17
6	6	2014-09-16
44	7	2014-09-10
32	8	2014-09-17
10	9	2014-08-30
6	10	2014-09-14
49	11	2014-08-28
39	12	2014-09-08
35	13	2014-09-20
47	14	2014-09-03
10	15	2014-09-13
7	16	2014-09-21
26	17	2014-09-06
12	18	2014-09-14
42	19	2014-09-21
5	20	2014-09-03
14	21	2014-08-21
28	22	2014-09-18
1	23	2014-08-21
24	24	2014-09-12
9	25	2014-09-02
17	26	2014-09-01
12	27	2014-09-13
39	28	2014-09-09
5	29	2014-09-17
22	30	2014-08-27
45	31	2014-08-29
20	32	2014-08-27
2	33	2014-09-03
2	34	2014-08-25
32	35	2014-09-14
26	36	2014-08-21
41	37	2014-08-22
33	38	2014-09-21
33	39	2014-09-02
27	40	2014-09-21
29	41	2014-08-21
48	42	2014-09-02
16	43	2014-08-21
37	44	2014-09-21
42	45	2014-09-17
9	46	2014-09-11
23	47	2014-09-01
3	48	2014-09-08
19	49	2014-09-13
49	50	2014-09-08
13	51	2014-08-31
13	52	2014-09-01
32	53	2014-09-05
45	54	2014-08-30
47	55	2014-08-27
17	56	2014-08-24
16	57	2014-08-20
30	58	2014-09-18
38	59	2014-09-04
2	60	2014-09-11
45	61	2014-09-18
6	62	2014-08-30
25	63	2014-08-30
15	64	2014-09-01
3	65	2014-09-09
45	66	2014-09-10
37	67	2014-08-27
33	68	2014-09-03
8	69	2014-09-07
23	70	2014-09-11
3	71	2014-09-05
12	72	2014-09-10
29	73	2014-09-14
23	74	2014-09-21
6	75	2014-08-24
31	76	2014-08-23
41	77	2014-08-26
14	78	2014-09-11
10	79	2014-08-30
3	80	2014-09-07
5	81	2014-09-13
22	82	2014-08-27
13	83	2014-08-26
27	84	2014-09-08
16	85	2014-08-26
33	86	2014-09-10
24	87	2014-08-29
25	88	2014-09-14
37	89	2014-09-16
39	90	2014-09-17
11	91	2014-09-04
27	92	2014-09-10
44	93	2014-09-15
34	94	2014-09-14
26	95	2014-09-16
5	96	2014-08-24
46	97	2014-09-08
3	98	2014-09-03
47	99	2014-09-19
30	100	2014-08-28
8	101	2014-09-13
24	102	2014-09-04
22	103	2014-09-07
29	104	2014-09-06
20	105	2014-09-17
47	106	2014-09-01
18	107	2014-08-26
21	108	2014-09-05
38	109	2014-09-03
29	110	2014-09-02
15	111	2014-09-03
13	112	2014-09-07
42	113	2014-09-06
13	114	2014-08-20
5	115	2014-09-18
23	116	2014-08-23
5	117	2014-09-11
28	118	2014-09-18
41	119	2014-08-22
17	120	2014-09-13
43	121	2014-09-21
30	122	2014-08-23
26	123	2014-09-18
3	124	2014-08-21
39	125	2014-09-05
2	126	2014-08-30
46	127	2014-08-31
4	128	2014-09-03
4	129	2014-09-21
36	130	2014-09-20
41	131	2014-09-08
24	132	2014-08-25
4	133	2014-09-13
37	134	2014-09-02
9	135	2014-09-13
40	136	2014-08-21
1	137	2014-09-08
19	138	2014-08-29
44	139	2014-08-23
40	140	2014-09-12
7	141	2014-08-22
25	142	2014-09-19
23	143	2014-09-21
36	144	2014-09-12
47	145	2014-08-20
45	146	2014-08-31
12	147	2014-08-20
4	148	2014-08-29
5	149	2014-09-20
4	150	2014-09-08
4	151	2014-08-31
27	152	2014-09-02
10	153	2014-09-11
3	154	2014-08-23
24	155	2014-09-21
44	156	2014-09-19
8	157	2014-08-20
21	158	2014-08-20
2	159	2014-08-21
14	160	2014-08-22
9	161	2014-09-12
36	162	2014-09-01
2	163	2014-09-11
40	164	2014-08-28
25	165	2014-09-10
2	166	2014-08-26
15	167	2014-09-09
34	168	2014-09-12
49	169	2014-09-08
45	170	2014-08-30
45	171	2014-09-16
21	172	2014-09-01
18	173	2014-09-01
35	174	2014-09-02
27	175	2014-09-06
46	176	2014-08-28
44	177	2014-08-30
7	178	2014-08-26
10	179	2014-09-19
45	180	2014-09-06
38	181	2014-09-05
13	182	2014-08-31
32	183	2014-08-31
13	184	2014-08-28
25	185	2014-09-15
11	186	2014-09-01
38	187	2014-08-27
43	188	2014-08-25
8	189	2014-08-21
45	190	2014-09-18
33	191	2014-09-01
8	192	2014-09-13
8	193	2014-08-28
38	194	2014-09-08
13	195	2014-09-10
38	196	2014-09-09
25	197	2014-09-14
42	198	2014-08-25
9	199	2014-09-15
14	200	2014-08-20
17	201	2014-08-20
11	202	2014-08-31
5	203	2014-09-07
25	204	2014-09-14
41	205	2014-08-22
23	206	2014-09-18
44	207	2014-09-10
8	208	2014-09-11
48	209	2014-08-26
28	210	2014-09-10
21	211	2014-09-21
27	212	2014-08-31
45	213	2014-09-19
3	214	2014-09-02
13	215	2014-09-06
40	216	2014-09-18
39	217	2014-09-08
22	218	2014-09-09
20	219	2014-08-30
38	220	2014-09-02
4	221	2014-08-20
40	222	2014-08-24
38	223	2014-09-06
43	224	2014-08-25
5	225	2014-08-20
41	226	2014-09-08
29	227	2014-09-03
18	228	2014-09-03
47	229	2014-09-12
16	230	2014-09-03
26	231	2014-08-24
42	232	2014-09-03
7	233	2014-08-25
47	234	2014-09-14
27	235	2014-09-18
34	236	2014-09-01
3	237	2014-09-09
1	238	2014-08-21
30	239	2014-08-26
13	240	2014-08-28
44	241	2014-08-20
45	242	2014-09-10
6	243	2014-08-20
35	244	2014-09-08
33	245	2014-09-14
22	246	2014-08-29
45	247	2014-09-03
9	248	2014-09-20
6	249	2014-09-07
37	250	2014-08-20
25	251	2014-09-14
35	252	2014-09-09
41	253	2014-09-04
5	254	2014-09-16
31	255	2014-09-20
39	256	2014-09-08
21	257	2014-08-31
39	258	2014-09-12
44	259	2014-09-03
36	260	2014-09-20
20	261	2014-09-02
4	262	2014-09-06
4	263	2014-09-18
6	264	2014-09-18
41	265	2014-09-12
34	266	2014-09-14
6	267	2014-09-13
6	268	2014-09-07
16	269	2014-09-01
6	270	2014-09-14
8	271	2014-08-30
36	272	2014-08-25
12	273	2014-09-01
40	274	2014-09-10
33	275	2014-08-27
9	276	2014-09-18
38	277	2014-09-02
6	278	2014-08-23
19	279	2014-09-09
36	280	2014-08-23
26	281	2014-09-10
47	282	2014-09-06
48	283	2014-09-04
19	284	2014-08-25
22	285	2014-09-16
15	286	2014-09-21
48	287	2014-09-20
26	288	2014-08-24
30	289	2014-08-25
44	290	2014-09-10
26	291	2014-08-22
19	292	2014-08-26
4	293	2014-08-31
37	294	2014-09-19
16	295	2014-09-05
47	296	2014-09-01
49	297	2014-09-13
6	298	2014-09-02
1	299	2014-09-21
33	300	2014-08-27
22	301	2014-09-15
3	302	2014-08-22
45	303	2014-08-29
4	304	2014-09-04
11	305	2014-09-14
27	306	2014-08-24
4	307	2014-09-08
16	308	2014-09-01
49	309	2014-09-08
18	310	2014-09-08
34	311	2014-09-20
49	312	2014-09-06
44	313	2014-09-21
43	314	2014-08-22
25	315	2014-09-18
45	316	2014-09-02
29	317	2014-08-24
11	318	2014-08-26
35	319	2014-09-01
26	320	2014-08-22
48	321	2014-09-17
35	322	2014-08-28
9	323	2014-09-21
27	324	2014-09-19
31	325	2014-09-21
7	326	2014-08-22
5	327	2014-09-15
37	328	2014-08-31
9	329	2014-08-31
33	330	2014-09-10
44	331	2014-09-12
35	332	2014-09-21
49	333	2014-08-23
26	334	2014-09-21
36	335	2014-09-15
48	336	2014-09-21
24	337	2014-09-10
34	338	2014-08-22
26	339	2014-09-15
38	340	2014-08-24
26	341	2014-09-11
40	342	2014-08-25
37	343	2014-08-25
33	344	2014-09-21
39	345	2014-08-26
31	346	2014-09-21
22	347	2014-09-16
47	348	2014-09-15
7	349	2014-08-23
25	350	2014-08-23
14	351	2014-08-22
4	352	2014-09-18
14	353	2014-09-06
5	354	2014-09-20
35	355	2014-09-16
40	356	2014-09-05
16	357	2014-08-29
11	358	2014-08-31
16	359	2014-09-21
37	360	2014-08-21
48	361	2014-08-29
29	362	2014-09-04
23	363	2014-08-30
19	364	2014-09-12
21	365	2014-08-20
22	366	2014-09-16
32	367	2014-09-12
47	368	2014-08-21
2	369	2014-09-18
15	370	2014-08-28
49	371	2014-09-19
2	372	2014-08-21
10	373	2014-09-14
36	374	2014-08-27
3	375	2014-08-22
34	376	2014-09-05
50	377	2014-09-01
13	378	2014-09-11
42	379	2014-08-25
47	380	2014-08-24
40	381	2014-08-25
45	382	2014-08-29
43	383	2014-09-09
8	384	2014-08-25
31	385	2014-09-09
13	386	2014-09-18
9	387	2014-09-18
13	388	2014-09-05
36	389	2014-09-20
38	390	2014-09-08
40	391	2014-09-20
46	392	2014-08-29
10	393	2014-08-22
34	394	2014-08-25
44	395	2014-09-14
16	396	2014-09-04
45	397	2014-08-24
21	398	2014-09-18
20	399	2014-09-10
39	400	2014-09-19
40	401	2014-09-03
18	402	2014-08-27
39	403	2014-08-21
2	404	2014-09-10
23	405	2014-08-27
38	406	2014-09-06
38	407	2014-09-18
13	408	2014-09-12
26	409	2014-08-31
5	410	2014-08-23
11	411	2014-09-16
33	412	2014-09-03
29	413	2014-08-24
47	414	2014-09-19
24	415	2014-09-09
43	416	2014-09-14
25	417	2014-09-15
17	418	2014-09-18
7	419	2014-09-15
14	420	2014-09-04
43	421	2014-09-19
20	422	2014-08-29
37	423	2014-09-14
32	424	2014-08-23
10	425	2014-08-22
21	426	2014-09-11
46	427	2014-08-29
22	428	2014-09-01
44	429	2014-09-19
4	430	2014-08-28
14	431	2014-08-27
34	432	2014-08-22
22	433	2014-08-25
36	434	2014-09-12
25	435	2014-09-15
45	436	2014-09-02
34	437	2014-08-29
13	438	2014-08-25
10	439	2014-08-29
45	440	2014-09-19
45	441	2014-08-20
15	442	2014-09-17
19	443	2014-08-20
19	444	2014-08-20
44	445	2014-09-17
48	446	2014-08-22
16	447	2014-08-23
19	448	2014-09-15
27	449	2014-08-23
8	450	2014-09-14
47	451	2014-09-20
18	452	2014-08-26
38	453	2014-08-22
21	454	2014-09-16
47	455	2014-09-06
26	456	2014-09-07
11	457	2014-08-23
12	458	2014-09-20
40	459	2014-08-31
40	460	2014-09-02
36	461	2014-08-30
23	462	2014-09-13
43	463	2014-09-09
30	464	2014-09-06
18	465	2014-09-18
23	466	2014-09-13
50	467	2014-08-21
48	468	2014-08-30
36	469	2014-08-24
39	470	2014-09-16
37	471	2014-09-20
43	472	2014-09-06
33	473	2014-09-11
23	474	2014-09-06
8	475	2014-09-19
18	476	2014-09-13
6	477	2014-09-06
49	478	2014-09-18
43	479	2014-09-16
37	480	2014-09-03
42	481	2014-09-14
6	482	2014-09-03
20	483	2014-09-16
34	484	2014-09-12
34	485	2014-08-20
5	486	2014-09-21
10	487	2014-08-28
26	488	2014-08-22
8	489	2014-08-27
41	490	2014-08-28
19	491	2014-09-17
10	492	2014-09-13
37	493	2014-09-12
50	494	2014-08-28
49	495	2014-09-05
35	496	2014-09-10
22	497	2014-09-05
13	498	2014-08-31
28	499	2014-08-27
47	500	2014-08-20
43	501	2014-09-05
33	502	2014-09-07
4	503	2014-09-19
43	504	2014-09-06
30	505	2014-09-10
16	506	2014-09-03
7	507	2014-09-21
31	508	2014-09-13
20	509	2014-09-14
14	510	2014-09-17
10	511	2014-09-01
42	512	2014-08-25
43	513	2014-09-05
30	514	2014-09-21
36	515	2014-08-22
7	516	2014-08-24
6	517	2014-08-27
28	518	2014-09-11
16	519	2014-09-06
35	520	2014-09-13
41	521	2014-08-23
15	522	2014-08-26
4	523	2014-09-17
10	524	2014-09-08
33	525	2014-08-31
13	526	2014-08-29
29	527	2014-09-15
35	528	2014-09-21
36	529	2014-09-10
20	530	2014-08-27
37	531	2014-08-30
7	532	2014-09-19
39	533	2014-09-04
10	534	2014-09-03
17	535	2014-09-02
13	536	2014-09-01
4	537	2014-09-20
3	538	2014-09-18
13	539	2014-09-19
9	540	2014-08-29
38	541	2014-09-12
43	542	2014-09-06
41	543	2014-09-05
13	544	2014-08-30
34	545	2014-09-05
5	546	2014-09-07
16	547	2014-09-08
33	548	2014-09-07
11	549	2014-08-30
14	550	2014-08-25
12	551	2014-09-19
41	552	2014-09-10
4	553	2014-09-01
18	554	2014-08-28
16	555	2014-09-19
35	556	2014-08-27
40	557	2014-08-28
4	558	2014-09-12
5	559	2014-08-29
46	560	2014-09-17
45	561	2014-08-30
9	562	2014-09-11
22	563	2014-09-16
29	564	2014-09-21
30	565	2014-09-07
9	566	2014-08-28
33	567	2014-08-23
3	568	2014-09-09
13	569	2014-09-11
14	570	2014-09-01
43	571	2014-09-15
45	572	2014-09-16
18	573	2014-08-30
36	574	2014-08-20
29	575	2014-08-25
18	576	2014-09-21
47	577	2014-09-01
13	578	2014-08-24
25	579	2014-09-10
26	580	2014-08-27
36	581	2014-08-22
6	582	2014-09-02
45	583	2014-09-01
31	584	2014-09-15
19	585	2014-09-13
41	586	2014-09-12
2	587	2014-08-26
19	588	2014-08-23
19	589	2014-08-30
9	590	2014-09-01
41	591	2014-09-15
45	592	2014-09-05
17	593	2014-09-16
2	594	2014-08-23
10	595	2014-08-29
33	596	2014-09-11
21	597	2014-09-07
42	598	2014-08-24
49	599	2014-09-04
36	600	2014-08-26
34	601	2014-08-25
19	602	2014-09-05
36	603	2014-08-29
40	604	2014-09-04
17	605	2014-08-27
43	606	2014-09-02
20	607	2014-09-01
15	608	2014-08-23
11	609	2014-08-26
9	610	2014-09-03
18	611	2014-09-17
26	612	2014-08-21
42	613	2014-08-25
40	614	2014-08-31
27	615	2014-09-04
40	616	2014-09-12
6	617	2014-09-17
13	618	2014-08-29
39	619	2014-09-17
44	620	2014-08-21
14	621	2014-09-12
29	622	2014-09-13
6	623	2014-09-15
38	624	2014-09-15
46	625	2014-08-29
24	626	2014-08-31
13	627	2014-09-14
6	628	2014-09-11
48	629	2014-09-04
40	630	2014-08-28
48	631	2014-08-25
20	632	2014-09-02
17	633	2014-09-01
25	634	2014-09-10
28	635	2014-09-07
49	636	2014-08-21
37	637	2014-08-29
21	638	2014-09-18
34	639	2014-09-16
15	640	2014-08-23
11	641	2014-09-05
36	642	2014-09-05
13	643	2014-08-20
18	644	2014-08-27
23	645	2014-08-20
7	646	2014-09-05
11	647	2014-09-21
1	648	2014-09-03
16	649	2014-08-30
21	650	2014-08-26
8	651	2014-08-22
22	652	2014-08-25
14	653	2014-09-05
34	654	2014-09-06
37	655	2014-09-08
30	656	2014-08-28
6	657	2014-09-15
10	658	2014-08-24
42	659	2014-08-28
31	660	2014-08-22
5	661	2014-09-19
29	662	2014-08-31
46	663	2014-09-01
4	664	2014-08-26
13	665	2014-09-07
13	666	2014-09-11
43	667	2014-09-01
33	668	2014-09-11
35	669	2014-09-08
24	670	2014-09-18
5	671	2014-09-09
11	672	2014-08-23
32	673	2014-08-30
4	674	2014-08-23
4	675	2014-08-26
34	676	2014-08-21
43	677	2014-08-22
22	678	2014-09-16
46	679	2014-08-27
39	680	2014-09-08
9	681	2014-09-12
39	682	2014-08-27
43	683	2014-09-06
43	684	2014-08-22
18	685	2014-08-25
22	686	2014-09-14
46	687	2014-09-06
41	688	2014-09-06
25	689	2014-09-11
25	690	2014-08-31
1	691	2014-09-07
30	692	2014-09-04
2	693	2014-09-14
47	694	2014-09-16
25	695	2014-09-17
2	696	2014-08-28
37	697	2014-08-28
46	698	2014-09-11
1	699	2014-09-18
5	700	2014-09-05
15	701	2014-09-13
46	702	2014-09-21
14	703	2014-08-26
40	704	2014-09-17
49	705	2014-09-16
41	706	2014-09-17
31	707	2014-09-02
33	708	2014-09-02
25	709	2014-09-20
23	710	2014-09-21
2	711	2014-08-29
32	712	2014-09-07
7	713	2014-08-29
27	714	2014-08-20
37	715	2014-08-28
43	716	2014-09-19
19	717	2014-09-13
6	718	2014-09-20
12	719	2014-08-25
17	720	2014-08-27
19	721	2014-08-25
32	722	2014-08-24
12	723	2014-09-20
26	724	2014-09-19
16	725	2014-08-26
29	726	2014-09-13
43	727	2014-08-26
34	728	2014-08-26
28	729	2014-09-21
6	730	2014-09-12
41	731	2014-09-19
6	732	2014-08-30
37	733	2014-08-25
26	734	2014-08-28
25	735	2014-09-13
42	736	2014-09-19
35	737	2014-08-31
34	738	2014-09-07
37	739	2014-08-23
11	740	2014-09-16
37	741	2014-09-15
7	742	2014-09-10
36	743	2014-08-28
7	744	2014-08-29
33	745	2014-09-08
30	746	2014-09-21
22	747	2014-09-21
36	748	2014-09-02
15	749	2014-09-09
18	750	2014-08-29
43	751	2014-08-22
10	752	2014-09-04
22	753	2014-09-12
28	754	2014-09-19
4	755	2014-08-30
3	756	2014-09-16
1	757	2014-09-04
26	758	2014-09-17
40	759	2014-09-17
20	760	2014-09-05
23	761	2014-09-21
24	762	2014-09-21
31	763	2014-08-22
17	764	2014-09-05
9	765	2014-09-07
32	766	2014-08-26
6	767	2014-09-07
28	768	2014-09-05
35	769	2014-09-14
49	770	2014-09-02
37	771	2014-09-04
25	772	2014-09-02
1	773	2014-09-07
18	774	2014-09-07
16	775	2014-09-12
16	776	2014-09-20
5	777	2014-09-18
23	778	2014-09-05
31	779	2014-09-01
17	780	2014-09-20
48	781	2014-08-31
11	782	2014-09-08
8	783	2014-09-07
17	784	2014-09-13
17	785	2014-08-22
19	786	2014-08-21
22	787	2014-09-02
43	788	2014-08-31
5	789	2014-09-21
43	790	2014-08-25
28	791	2014-09-02
19	792	2014-08-23
5	793	2014-08-31
5	794	2014-09-19
45	795	2014-08-29
24	796	2014-09-07
20	797	2014-09-05
27	798	2014-09-14
20	799	2014-09-20
32	800	2014-09-03
21	801	2014-09-03
27	802	2014-09-06
15	803	2014-08-28
36	804	2014-09-01
36	805	2014-09-18
8	806	2014-08-28
45	807	2014-08-29
17	808	2014-09-08
21	809	2014-08-26
23	810	2014-09-11
14	811	2014-09-08
41	812	2014-08-24
37	813	2014-08-29
47	814	2014-08-30
24	815	2014-08-28
5	816	2014-08-24
45	817	2014-09-09
13	818	2014-09-12
32	819	2014-08-30
16	820	2014-09-19
8	821	2014-09-11
11	822	2014-08-26
14	823	2014-08-30
44	824	2014-08-27
37	825	2014-09-14
5	826	2014-09-18
38	827	2014-09-04
33	828	2014-09-03
27	829	2014-09-12
6	830	2014-09-06
34	831	2014-08-28
47	832	2014-09-19
26	833	2014-09-02
31	834	2014-09-08
7	835	2014-09-19
39	836	2014-08-29
34	837	2014-09-07
6	838	2014-09-14
29	839	2014-09-19
9	840	2014-09-04
19	841	2014-09-04
3	842	2014-08-24
23	843	2014-08-23
29	844	2014-09-12
8	845	2014-08-23
46	846	2014-08-25
49	847	2014-09-10
35	848	2014-09-02
11	849	2014-09-12
46	850	2014-08-20
49	851	2014-09-03
37	852	2014-08-23
16	853	2014-08-20
33	854	2014-09-11
48	855	2014-09-17
22	856	2014-09-12
41	857	2014-09-07
18	858	2014-09-03
47	859	2014-09-10
41	860	2014-09-04
21	861	2014-09-04
20	862	2014-08-30
40	863	2014-09-14
33	864	2014-09-17
28	865	2014-09-13
29	866	2014-09-13
47	867	2014-08-24
24	868	2014-08-30
42	869	2014-08-29
46	870	2014-09-03
3	871	2014-09-07
41	872	2014-09-17
31	873	2014-09-18
37	874	2014-08-24
31	875	2014-09-21
22	876	2014-08-27
4	877	2014-08-29
21	878	2014-09-01
6	879	2014-09-12
20	880	2014-08-27
4	881	2014-09-01
26	882	2014-09-08
45	883	2014-08-27
5	884	2014-09-13
31	885	2014-09-10
38	886	2014-08-20
39	887	2014-09-19
13	888	2014-08-27
27	889	2014-09-21
46	890	2014-08-22
37	891	2014-09-05
31	892	2014-08-31
35	893	2014-08-31
29	894	2014-09-07
33	895	2014-09-02
14	896	2014-08-22
25	897	2014-08-24
9	898	2014-09-07
10	899	2014-09-12
25	900	2014-08-25
3	901	2014-08-20
6	902	2014-08-27
46	903	2014-09-12
35	904	2014-09-18
31	905	2014-09-18
17	906	2014-08-30
17	907	2014-08-27
2	908	2014-08-22
42	909	2014-09-13
11	910	2014-09-21
43	911	2014-08-30
33	912	2014-09-09
49	913	2014-09-07
29	914	2014-09-05
34	915	2014-09-21
7	916	2014-09-18
41	917	2014-09-20
48	918	2014-09-18
22	919	2014-08-28
35	920	2014-09-09
5	921	2014-08-30
33	922	2014-09-16
26	923	2014-09-17
27	924	2014-09-06
40	925	2014-08-30
44	926	2014-09-14
35	927	2014-08-30
22	928	2014-09-15
25	929	2014-08-26
14	930	2014-09-09
8	931	2014-09-03
9	932	2014-08-29
26	933	2014-09-14
14	934	2014-08-22
48	935	2014-09-11
47	936	2014-09-06
45	937	2014-09-18
4	938	2014-08-24
39	939	2014-09-09
3	940	2014-08-25
36	941	2014-09-03
35	942	2014-09-01
26	943	2014-08-23
42	944	2014-09-20
31	945	2014-09-18
32	946	2014-09-08
12	947	2014-08-30
2	948	2014-09-02
42	949	2014-08-28
37	950	2014-09-10
47	951	2014-08-21
1	952	2014-09-06
24	953	2014-08-20
18	954	2014-09-18
37	955	2014-08-23
29	956	2014-08-28
2	957	2014-08-30
48	958	2014-09-15
46	959	2014-09-11
10	960	2014-08-30
30	961	2014-08-24
33	962	2014-09-01
13	963	2014-09-06
24	964	2014-09-05
5	965	2014-09-04
15	966	2014-09-04
47	967	2014-09-10
29	968	2014-09-17
32	969	2014-09-04
31	970	2014-09-05
41	971	2014-08-25
49	972	2014-08-28
50	973	2014-08-23
12	974	2014-09-20
6	975	2014-09-02
48	976	2014-08-31
44	977	2014-09-06
41	978	2014-09-21
4	979	2014-09-03
6	980	2014-09-10
25	981	2014-08-23
43	982	2014-08-26
24	983	2014-09-09
4	984	2014-09-12
28	985	2014-09-03
48	986	2014-09-18
4	987	2014-09-01
27	988	2014-08-29
48	989	2014-09-11
24	990	2014-09-09
6	991	2014-09-01
38	992	2014-08-27
7	993	2014-09-06
2	994	2014-09-04
25	995	2014-08-27
32	996	2014-09-18
18	997	2014-09-03
31	998	2014-08-23
10	999	2014-08-20
27	1000	2014-09-11
5	1001	2014-09-09
50	1002	2014-09-15
3	1003	2014-09-03
46	1004	2014-08-27
10	1005	2014-09-15
45	1006	2014-08-31
6	1007	2014-08-27
27	1008	2014-08-23
15	1009	2014-09-01
39	1010	2014-08-24
39	1011	2014-09-17
29	1012	2014-08-28
23	1013	2014-09-01
31	1014	2014-09-02
31	1015	2014-09-05
40	1016	2014-09-19
29	1017	2014-09-18
25	1018	2014-08-31
10	1019	2014-09-16
40	1020	2014-09-07
45	1021	2014-09-09
46	1022	2014-09-01
31	1023	2014-09-13
32	1024	2014-09-06
44	1025	2014-09-08
9	1026	2014-08-22
5	1027	2014-09-13
38	1028	2014-08-23
11	1029	2014-08-26
27	1030	2014-08-28
2	1031	2014-08-21
39	1032	2014-09-10
30	1033	2014-08-31
35	1034	2014-09-16
2	1035	2014-09-06
39	1036	2014-09-03
9	1037	2014-09-20
10	1038	2014-08-31
25	1039	2014-09-04
31	1040	2014-09-04
36	1041	2014-08-26
7	1042	2014-09-07
32	1043	2014-09-16
31	1044	2014-09-12
41	1045	2014-08-22
39	1046	2014-09-16
38	1047	2014-09-18
34	1048	2014-08-23
4	1049	2014-08-26
37	1050	2014-09-18
5	1051	2014-08-31
10	1052	2014-08-23
47	1053	2014-08-25
40	1054	2014-09-13
22	1055	2014-08-25
1	1056	2014-09-07
12	1057	2014-09-20
42	1058	2014-08-25
12	1059	2014-08-21
13	1060	2014-09-03
24	1061	2014-09-09
10	1062	2014-09-17
24	1063	2014-09-14
50	1064	2014-08-31
10	1065	2014-08-27
9	1066	2014-08-24
30	1067	2014-09-03
40	1068	2014-08-27
7	1069	2014-08-29
19	1070	2014-09-09
40	1071	2014-09-06
29	1072	2014-09-12
15	1073	2014-08-24
3	1074	2014-09-17
44	1075	2014-08-22
5	1076	2014-08-30
22	1077	2014-09-19
26	1078	2014-08-28
22	1079	2014-08-20
43	1080	2014-09-10
19	1081	2014-09-14
5	1082	2014-09-07
37	1083	2014-09-15
9	1084	2014-09-21
11	1085	2014-08-27
2	1086	2014-08-26
2	1087	2014-09-15
39	1088	2014-09-10
41	1089	2014-09-11
21	1090	2014-08-31
49	1091	2014-08-27
38	1092	2014-09-18
22	1093	2014-08-24
15	1094	2014-08-22
43	1095	2014-08-24
34	1096	2014-08-27
22	1097	2014-09-07
22	1098	2014-08-27
18	1099	2014-08-24
19	1100	2014-09-06
33	1101	2014-08-30
41	1102	2014-09-16
21	1103	2014-09-14
11	1104	2014-09-15
2	1105	2014-09-21
34	1106	2014-08-27
46	1107	2014-09-03
8	1108	2014-08-27
11	1109	2014-09-08
11	1110	2014-09-06
1	1111	2014-09-11
20	1112	2014-09-06
17	1113	2014-09-09
23	1114	2014-09-02
18	1115	2014-09-15
8	1116	2014-08-20
2	1117	2014-09-15
38	1118	2014-09-16
10	1119	2014-08-30
20	1120	2014-08-27
6	1121	2014-09-13
5	1122	2014-09-13
17	1123	2014-08-31
40	1124	2014-09-17
24	1125	2014-08-28
18	1126	2014-09-07
39	1127	2014-08-29
28	1128	2014-08-20
11	1129	2014-09-08
37	1130	2014-08-26
13	1131	2014-09-14
38	1132	2014-09-16
3	1133	2014-08-20
11	1134	2014-09-10
26	1135	2014-09-16
34	1136	2014-08-30
41	1137	2014-09-15
28	1138	2014-08-20
33	1139	2014-09-01
36	1140	2014-08-25
17	1141	2014-09-03
7	1142	2014-09-12
5	1143	2014-08-30
45	1144	2014-09-18
29	1145	2014-09-10
41	1146	2014-09-14
2	1147	2014-09-11
5	1148	2014-09-09
22	1149	2014-08-27
39	1150	2014-09-07
26	1151	2014-09-05
2	1152	2014-09-07
6	1153	2014-09-10
26	1154	2014-09-10
43	1155	2014-09-10
19	1156	2014-09-03
44	1157	2014-08-24
5	1158	2014-08-24
39	1159	2014-08-23
37	1160	2014-09-20
24	1161	2014-08-27
22	1162	2014-08-26
18	1163	2014-09-13
3	1164	2014-09-11
27	1165	2014-09-17
38	1166	2014-09-14
25	1167	2014-09-04
23	1168	2014-09-16
14	1169	2014-09-11
25	1170	2014-09-19
2	1171	2014-09-21
8	1172	2014-09-03
11	1173	2014-08-27
44	1174	2014-09-18
40	1175	2014-08-25
40	1176	2014-09-18
13	1177	2014-08-20
26	1178	2014-08-31
31	1179	2014-09-19
24	1180	2014-09-18
12	1181	2014-09-12
11	1182	2014-09-19
21	1183	2014-08-26
31	1184	2014-08-25
18	1185	2014-08-20
44	1186	2014-09-06
49	1187	2014-09-15
13	1188	2014-09-13
15	1189	2014-09-07
9	1190	2014-09-02
22	1191	2014-09-14
33	1192	2014-08-29
6	1193	2014-09-03
32	1194	2014-09-01
50	1195	2014-09-08
36	1196	2014-09-13
8	1197	2014-09-15
3	1198	2014-08-30
34	1199	2014-09-20
37	1200	2014-08-31
30	1201	2014-09-15
22	1202	2014-08-23
49	1203	2014-08-26
30	1204	2014-09-15
42	1205	2014-08-22
4	1206	2014-08-25
12	1207	2014-09-15
49	1208	2014-09-14
36	1209	2014-08-23
18	1210	2014-09-14
5	1211	2014-09-09
14	1212	2014-09-12
18	1213	2014-08-26
41	1214	2014-09-21
48	1215	2014-09-14
12	1216	2014-09-19
32	1217	2014-08-27
38	1218	2014-09-16
38	1219	2014-08-29
36	1220	2014-09-16
24	1221	2014-08-25
18	1222	2014-09-14
35	1223	2014-09-05
11	1224	2014-09-07
46	1225	2014-09-17
14	1226	2014-09-15
21	1227	2014-09-02
42	1228	2014-09-16
20	1229	2014-08-29
31	1230	2014-09-19
3	1231	2014-08-30
38	1232	2014-09-15
49	1233	2014-08-26
32	1234	2014-08-21
35	1235	2014-09-17
48	1236	2014-08-21
27	1237	2014-09-15
22	1238	2014-09-02
2	1239	2014-08-21
5	1240	2014-09-15
38	1241	2014-08-24
3	1242	2014-09-01
24	1243	2014-08-24
37	1244	2014-09-05
7	1245	2014-09-06
35	1246	2014-09-15
20	1247	2014-08-27
9	1248	2014-09-09
42	1249	2014-09-10
18	1250	2014-09-07
15	1251	2014-09-17
37	1252	2014-09-10
42	1253	2014-08-30
37	1254	2014-09-18
18	1255	2014-08-29
12	1256	2014-09-01
16	1257	2014-09-16
5	1258	2014-08-29
32	1259	2014-08-27
19	1260	2014-09-13
9	1261	2014-08-25
42	1262	2014-08-22
23	1263	2014-08-20
20	1264	2014-09-14
47	1265	2014-09-20
12	1266	2014-08-25
41	1267	2014-09-03
50	1268	2014-08-30
10	1269	2014-08-21
12	1270	2014-09-13
6	1271	2014-09-18
15	1272	2014-09-05
7	1273	2014-09-05
30	1274	2014-09-11
25	1275	2014-09-04
40	1276	2014-09-13
29	1277	2014-09-14
50	1278	2014-09-07
48	1279	2014-09-20
46	1280	2014-08-26
36	1281	2014-09-21
42	1282	2014-09-07
26	1283	2014-09-21
27	1284	2014-09-01
37	1285	2014-09-18
32	1286	2014-09-02
18	1287	2014-09-01
22	1288	2014-09-09
6	1289	2014-09-21
5	1290	2014-09-16
49	1291	2014-09-11
20	1292	2014-09-02
29	1293	2014-09-03
17	1294	2014-08-24
36	1295	2014-08-29
8	1296	2014-08-24
44	1297	2014-08-31
34	1298	2014-09-09
24	1299	2014-09-14
43	1300	2014-08-21
46	1301	2014-08-31
46	1302	2014-08-21
38	1303	2014-08-28
50	1304	2014-08-27
37	1305	2014-09-20
10	1306	2014-09-15
39	1307	2014-09-15
2	1308	2014-08-23
38	1309	2014-09-15
48	1310	2014-09-11
32	1311	2014-08-25
2	1312	2014-09-14
42	1313	2014-09-08
18	1314	2014-08-20
35	1315	2014-09-16
41	1316	2014-09-13
35	1317	2014-09-13
9	1318	2014-09-13
34	1319	2014-09-02
42	1320	2014-09-21
21	1321	2014-09-11
27	1322	2014-08-25
33	1323	2014-09-02
2	1324	2014-09-21
20	1325	2014-09-06
13	1326	2014-08-27
11	1327	2014-09-18
25	1328	2014-09-04
43	1329	2014-09-11
2	1330	2014-08-22
47	1331	2014-08-30
27	1332	2014-09-08
43	1333	2014-08-29
48	1334	2014-08-29
37	1335	2014-09-07
37	1336	2014-09-15
12	1337	2014-09-14
21	1338	2014-09-10
43	1339	2014-09-12
40	1340	2014-08-30
3	1341	2014-09-07
8	1342	2014-08-29
5	1343	2014-08-28
9	1344	2014-09-04
18	1345	2014-09-20
4	1346	2014-09-03
28	1347	2014-09-21
25	1348	2014-09-01
29	1349	2014-09-13
4	1350	2014-09-16
17	1351	2014-09-13
12	1352	2014-09-03
12	1353	2014-09-11
40	1354	2014-09-02
31	1355	2014-08-27
13	1356	2014-08-24
11	1357	2014-08-24
21	1358	2014-09-03
37	1359	2014-09-07
47	1360	2014-09-04
9	1361	2014-08-21
22	1362	2014-09-10
28	1363	2014-09-18
17	1364	2014-09-18
30	1365	2014-09-19
32	1366	2014-08-31
9	1367	2014-08-21
11	1368	2014-09-03
47	1369	2014-08-21
46	1370	2014-08-31
15	1371	2014-09-15
11	1372	2014-09-21
48	1373	2014-09-13
23	1374	2014-09-14
27	1375	2014-08-20
13	1376	2014-09-14
14	1377	2014-09-14
43	1378	2014-09-05
2	1379	2014-09-19
29	1380	2014-08-21
12	1381	2014-09-10
14	1382	2014-09-09
11	1383	2014-08-30
7	1384	2014-08-21
19	1385	2014-09-12
15	1386	2014-09-01
15	1387	2014-09-05
19	1388	2014-09-03
3	1389	2014-09-05
2	1390	2014-09-21
16	1391	2014-09-14
38	1392	2014-09-05
50	1393	2014-09-07
6	1394	2014-08-20
47	1395	2014-08-29
46	1396	2014-09-20
25	1397	2014-09-07
8	1398	2014-09-19
21	1399	2014-08-31
44	1400	2014-09-20
40	1401	2014-09-16
17	1402	2014-09-13
12	1403	2014-09-01
37	1404	2014-09-15
50	1405	2014-09-10
48	1406	2014-08-26
2	1407	2014-09-06
42	1408	2014-08-20
36	1409	2014-08-26
4	1410	2014-09-14
35	1411	2014-09-12
6	1412	2014-09-16
42	1413	2014-08-25
10	1414	2014-08-29
39	1415	2014-09-20
5	1416	2014-09-05
13	1417	2014-09-12
38	1418	2014-08-26
40	1419	2014-09-02
30	1420	2014-08-25
2	1421	2014-08-27
34	1422	2014-09-12
40	1423	2014-09-17
33	1424	2014-09-18
21	1425	2014-09-09
28	1426	2014-09-13
48	1427	2014-09-01
34	1428	2014-09-04
47	1429	2014-09-15
31	1430	2014-08-25
27	1431	2014-08-27
2	1432	2014-09-17
15	1433	2014-08-26
8	1434	2014-08-23
20	1435	2014-08-20
44	1436	2014-09-20
44	1437	2014-09-12
41	1438	2014-08-22
18	1439	2014-09-11
20	1440	2014-09-03
49	1441	2014-08-23
30	1442	2014-09-11
45	1443	2014-09-17
40	1444	2014-09-19
31	1445	2014-08-20
7	1446	2014-09-05
21	1447	2014-09-04
31	1448	2014-09-07
1	1449	2014-08-30
12	1450	2014-08-26
48	1451	2014-09-18
36	1452	2014-09-10
4	1453	2014-09-18
49	1454	2014-09-20
23	1455	2014-09-20
26	1456	2014-09-06
32	1457	2014-09-21
30	1458	2014-09-15
20	1459	2014-09-21
27	1460	2014-08-30
21	1461	2014-08-20
45	1462	2014-09-03
14	1463	2014-09-02
42	1464	2014-09-10
10	1465	2014-09-15
34	1466	2014-09-02
45	1467	2014-09-01
23	1468	2014-09-07
43	1469	2014-09-11
10	1470	2014-09-07
27	1471	2014-09-06
20	1472	2014-08-25
21	1473	2014-09-10
24	1474	2014-08-31
20	1475	2014-09-07
42	1476	2014-08-29
5	1477	2014-09-05
26	1478	2014-08-26
46	1479	2014-09-15
12	1480	2014-09-07
12	1481	2014-08-31
36	1482	2014-09-14
14	1483	2014-09-19
27	1484	2014-09-04
21	1485	2014-09-16
27	1486	2014-08-20
31	1487	2014-09-06
32	1488	2014-09-09
37	1489	2014-09-18
18	1490	2014-09-20
28	1491	2014-09-09
36	1492	2014-09-10
46	1493	2014-09-02
38	1494	2014-09-03
8	1495	2014-08-29
32	1496	2014-08-31
6	1497	2014-09-17
43	1498	2014-09-10
41	1499	2014-08-21
34	1500	2014-09-10
16	1501	2014-09-04
21	1502	2014-08-28
10	1503	2014-09-18
42	1504	2014-08-21
21	1505	2014-08-24
16	1506	2014-08-20
31	1507	2014-09-05
17	1508	2014-09-12
22	1509	2014-08-22
33	1510	2014-09-04
24	1511	2014-09-02
39	1512	2014-08-24
26	1513	2014-09-02
43	1514	2014-08-30
4	1515	2014-09-02
20	1516	2014-09-17
28	1517	2014-09-02
28	1518	2014-08-20
30	1519	2014-08-25
48	1520	2014-08-26
45	1521	2014-09-09
44	1522	2014-09-03
37	1523	2014-09-19
43	1524	2014-09-07
9	1525	2014-09-17
33	1526	2014-09-14
15	1527	2014-09-04
28	1528	2014-08-28
31	1529	2014-09-15
28	1530	2014-09-03
29	1531	2014-08-20
21	1532	2014-09-01
11	1533	2014-09-13
7	1534	2014-09-06
30	1535	2014-08-24
24	1536	2014-09-05
2	1537	2014-09-14
48	1538	2014-08-30
22	1539	2014-09-02
29	1540	2014-09-12
32	1541	2014-09-20
18	1542	2014-08-24
30	1543	2014-08-28
34	1544	2014-08-31
3	1545	2014-09-16
23	1546	2014-08-23
35	1547	2014-09-01
42	1548	2014-09-08
6	1549	2014-09-04
31	1550	2014-09-18
2	1551	2014-09-10
2	1552	2014-09-11
12	1553	2014-09-09
21	1554	2014-08-20
6	1555	2014-08-21
48	1556	2014-09-04
50	1557	2014-09-11
14	1558	2014-08-31
32	1559	2014-09-05
16	1560	2014-09-10
39	1561	2014-08-22
33	1562	2014-08-22
24	1563	2014-09-18
44	1564	2014-09-03
16	1565	2014-08-20
10	1566	2014-09-09
7	1567	2014-09-19
34	1568	2014-09-13
47	1569	2014-09-02
12	1570	2014-09-19
23	1571	2014-08-31
5	1572	2014-09-18
41	1573	2014-08-26
30	1574	2014-09-03
25	1575	2014-08-29
43	1576	2014-09-17
39	1577	2014-08-29
45	1578	2014-09-01
23	1579	2014-09-19
28	1580	2014-09-16
8	1581	2014-09-09
2	1582	2014-08-25
18	1583	2014-08-23
40	1584	2014-09-16
38	1585	2014-08-21
9	1586	2014-08-23
11	1587	2014-08-31
13	1588	2014-08-20
33	1589	2014-09-08
30	1590	2014-09-02
38	1591	2014-09-14
20	1592	2014-08-21
48	1593	2014-08-21
4	1594	2014-08-29
21	1595	2014-09-17
22	1596	2014-09-08
24	1597	2014-08-31
41	1598	2014-09-02
20	1599	2014-09-03
15	1600	2014-09-05
6	1601	2014-09-03
33	1602	2014-09-15
21	1603	2014-09-06
33	1604	2014-08-31
3	1605	2014-09-04
45	1606	2014-09-18
19	1607	2014-08-20
28	1608	2014-08-20
1	1609	2014-09-07
35	1610	2014-09-07
4	1611	2014-08-23
19	1612	2014-08-23
34	1613	2014-09-02
14	1614	2014-09-21
3	1615	2014-08-26
49	1616	2014-09-16
48	1617	2014-08-23
23	1618	2014-09-21
38	1619	2014-09-08
29	1620	2014-09-19
6	1621	2014-08-20
12	1622	2014-09-01
30	1623	2014-09-12
23	1624	2014-08-30
1	1625	2014-09-04
19	1626	2014-09-07
13	1627	2014-09-12
40	1628	2014-09-08
11	1629	2014-09-18
18	1630	2014-09-03
37	1631	2014-08-27
31	1632	2014-08-20
38	1633	2014-09-11
28	1634	2014-08-24
49	1635	2014-08-21
11	1636	2014-09-09
21	1637	2014-09-18
25	1638	2014-08-29
35	1639	2014-09-16
6	1640	2014-09-15
40	1641	2014-09-13
33	1642	2014-09-18
24	1643	2014-09-10
15	1644	2014-08-25
34	1645	2014-08-22
36	1646	2014-09-05
26	1647	2014-08-26
3	1648	2014-08-28
44	1649	2014-09-15
21	1650	2014-09-05
41	1651	2014-09-14
15	1652	2014-08-26
13	1653	2014-09-08
49	1654	2014-09-06
7	1655	2014-09-18
5	1656	2014-09-11
13	1657	2014-08-21
7	1658	2014-08-25
35	1659	2014-08-22
7	1660	2014-09-01
49	1661	2014-09-03
5	1662	2014-09-03
10	1663	2014-08-27
6	1664	2014-09-01
12	1665	2014-09-15
33	1666	2014-09-02
5	1667	2014-09-12
25	1668	2014-08-23
12	1669	2014-09-12
41	1670	2014-09-15
16	1671	2014-08-28
48	1672	2014-09-10
48	1673	2014-09-05
5	1674	2014-09-12
39	1675	2014-09-16
34	1676	2014-08-31
18	1677	2014-08-25
32	1678	2014-08-26
42	1679	2014-08-27
7	1680	2014-08-28
2	1681	2014-08-23
16	1682	2014-09-10
43	1683	2014-08-26
38	1684	2014-08-23
8	1685	2014-08-23
30	1686	2014-09-12
27	1687	2014-09-05
34	1688	2014-08-29
14	1689	2014-08-31
38	1690	2014-08-28
26	1691	2014-08-21
50	1692	2014-08-22
42	1693	2014-09-06
4	1694	2014-09-04
49	1695	2014-08-22
14	1696	2014-09-18
1	1697	2014-09-19
37	1698	2014-08-23
37	1699	2014-09-21
35	1700	2014-08-23
27	1701	2014-09-18
38	1702	2014-09-06
7	1703	2014-09-19
8	1704	2014-09-07
5	1705	2014-08-27
30	1706	2014-09-17
13	1707	2014-09-03
13	1708	2014-08-31
45	1709	2014-08-26
45	1710	2014-09-19
29	1711	2014-09-19
22	1712	2014-08-27
27	1713	2014-09-18
16	1714	2014-09-05
48	1715	2014-09-19
49	1716	2014-08-29
24	1717	2014-08-26
30	1718	2014-08-26
7	1719	2014-08-22
27	1720	2014-09-12
15	1721	2014-08-20
15	1722	2014-09-04
19	1723	2014-09-11
47	1724	2014-09-15
33	1725	2014-09-21
21	1726	2014-09-08
50	1727	2014-09-15
9	1728	2014-08-24
10	1729	2014-09-11
27	1730	2014-09-10
42	1731	2014-08-24
3	1732	2014-09-05
43	1733	2014-08-30
4	1734	2014-08-25
2	1735	2014-09-15
43	1736	2014-09-14
27	1737	2014-09-09
1	1738	2014-09-20
18	1739	2014-08-30
35	1740	2014-09-01
22	1741	2014-09-21
41	1742	2014-09-13
46	1743	2014-09-11
5	1744	2014-09-05
5	1745	2014-09-09
25	1746	2014-09-11
44	1747	2014-09-05
9	1748	2014-08-28
35	1749	2014-09-18
11	1750	2014-08-24
7	1751	2014-09-14
48	1752	2014-09-20
20	1753	2014-08-31
35	1754	2014-08-27
40	1755	2014-09-21
6	1756	2014-08-22
13	1757	2014-09-17
24	1758	2014-09-13
19	1759	2014-09-05
35	1760	2014-09-14
36	1761	2014-09-17
35	1762	2014-08-21
18	1763	2014-08-20
6	1764	2014-09-05
4	1765	2014-09-21
25	1766	2014-09-19
34	1767	2014-08-28
20	1768	2014-09-15
13	1769	2014-09-17
10	1770	2014-08-25
45	1771	2014-09-17
7	1772	2014-09-09
7	1773	2014-09-10
1	1774	2014-08-30
37	1775	2014-08-25
49	1776	2014-09-12
6	1777	2014-09-03
35	1778	2014-09-14
19	1779	2014-09-08
1	1780	2014-08-29
10	1781	2014-09-11
6	1782	2014-09-05
18	1783	2014-08-23
16	1784	2014-09-18
31	1785	2014-08-21
19	1786	2014-08-27
44	1787	2014-08-26
28	1788	2014-09-06
20	1789	2014-09-01
18	1790	2014-09-20
27	1791	2014-08-29
30	1792	2014-09-08
13	1793	2014-08-31
41	1794	2014-09-20
44	1795	2014-09-07
36	1796	2014-08-26
42	1797	2014-09-03
41	1798	2014-08-28
3	1799	2014-08-30
31	1800	2014-08-25
18	1801	2014-09-16
6	1802	2014-09-02
40	1803	2014-08-30
2	1804	2014-09-01
41	1805	2014-09-21
21	1806	2014-09-10
8	1807	2014-09-13
36	1808	2014-09-11
31	1809	2014-09-06
9	1810	2014-09-10
17	1811	2014-09-05
32	1812	2014-09-03
32	1813	2014-08-20
12	1814	2014-09-10
28	1815	2014-09-05
27	1816	2014-08-20
13	1817	2014-09-13
12	1818	2014-09-11
43	1819	2014-08-28
23	1820	2014-08-30
9	1821	2014-09-19
48	1822	2014-08-28
16	1823	2014-09-07
11	1824	2014-09-05
46	1825	2014-09-05
42	1826	2014-08-22
9	1827	2014-09-16
28	1828	2014-09-03
1	1829	2014-09-13
48	1830	2014-09-17
42	1831	2014-09-02
9	1832	2014-08-26
47	1833	2014-09-02
19	1834	2014-08-22
32	1835	2014-09-01
23	1836	2014-09-11
22	1837	2014-09-07
10	1838	2014-08-31
33	1839	2014-08-23
14	1840	2014-09-18
3	1841	2014-09-15
3	1842	2014-08-25
44	1843	2014-09-02
16	1844	2014-09-07
29	1845	2014-09-21
27	1846	2014-08-30
4	1847	2014-09-20
6	1848	2014-09-08
2	1849	2014-08-25
48	1850	2014-09-13
5	1851	2014-08-25
38	1852	2014-08-23
50	1853	2014-08-31
35	1854	2014-09-01
14	1855	2014-09-07
24	1856	2014-09-20
3	1857	2014-09-10
47	1858	2014-09-19
43	1859	2014-09-06
31	1860	2014-08-24
18	1861	2014-09-03
22	1862	2014-08-28
34	1863	2014-09-05
8	1864	2014-08-29
10	1865	2014-09-18
2	1866	2014-08-29
23	1867	2014-08-31
13	1868	2014-09-16
8	1869	2014-09-19
42	1870	2014-08-30
42	1871	2014-09-11
33	1872	2014-09-17
22	1873	2014-08-25
46	1874	2014-08-31
18	1875	2014-08-26
9	1876	2014-09-19
39	1877	2014-08-30
18	1878	2014-09-06
3	1879	2014-08-26
22	1880	2014-08-31
13	1881	2014-09-05
36	1882	2014-08-24
19	1883	2014-09-11
33	1884	2014-09-12
47	1885	2014-08-26
42	1886	2014-08-31
24	1887	2014-08-25
38	1888	2014-08-22
7	1889	2014-08-21
48	1890	2014-09-06
49	1891	2014-08-23
25	1892	2014-09-08
15	1893	2014-09-19
12	1894	2014-09-14
10	1895	2014-09-21
41	1896	2014-09-09
3	1897	2014-08-29
4	1898	2014-09-19
32	1899	2014-08-30
8	1900	2014-08-27
41	1901	2014-09-12
49	1902	2014-09-05
45	1903	2014-09-21
42	1904	2014-09-03
19	1905	2014-08-20
8	1906	2014-08-23
8	1907	2014-09-01
38	1908	2014-09-19
2	1909	2014-09-10
29	1910	2014-09-05
42	1911	2014-09-20
4	1912	2014-09-14
8	1913	2014-09-19
4	1914	2014-09-09
25	1915	2014-09-07
14	1916	2014-09-09
33	1917	2014-09-13
6	1918	2014-09-03
39	1919	2014-09-10
20	1920	2014-09-03
41	1921	2014-09-07
33	1922	2014-09-03
28	1923	2014-09-19
49	1924	2014-09-08
13	1925	2014-09-09
41	1926	2014-09-19
18	1927	2014-09-14
49	1928	2014-09-16
22	1929	2014-09-17
26	1930	2014-08-27
20	1931	2014-09-10
46	1932	2014-09-12
23	1933	2014-09-10
35	1934	2014-09-04
43	1935	2014-09-20
39	1936	2014-09-04
37	1937	2014-08-24
45	1938	2014-09-07
33	1939	2014-09-12
46	1940	2014-09-12
18	1941	2014-08-27
8	1942	2014-09-03
39	1943	2014-09-08
27	1944	2014-09-16
6	1945	2014-09-19
15	1946	2014-09-01
2	1947	2014-09-08
49	1948	2014-09-09
24	1949	2014-09-04
11	1950	2014-08-20
45	1951	2014-09-07
35	1952	2014-09-16
5	1953	2014-09-08
25	1954	2014-08-23
25	1955	2014-09-13
50	1956	2014-09-21
18	1957	2014-09-21
37	1958	2014-08-21
26	1959	2014-08-27
2	1960	2014-09-01
9	1961	2014-09-11
26	1962	2014-09-01
31	1963	2014-09-11
8	1964	2014-09-21
35	1965	2014-08-27
42	1966	2014-08-21
1	1967	2014-09-05
25	1968	2014-09-05
21	1969	2014-09-07
50	1970	2014-09-11
26	1971	2014-09-03
15	1972	2014-08-26
47	1973	2014-09-14
32	1974	2014-08-29
7	1975	2014-09-07
12	1976	2014-09-15
12	1977	2014-09-15
12	1978	2014-09-12
37	1979	2014-08-30
34	1980	2014-08-24
3	1981	2014-09-21
45	1982	2014-09-08
16	1983	2014-09-21
11	1984	2014-08-29
25	1985	2014-09-18
35	1986	2014-09-11
36	1987	2014-09-19
11	1988	2014-09-08
48	1989	2014-09-21
8	1990	2014-09-03
25	1991	2014-08-29
16	1992	2014-09-17
27	1993	2014-08-30
14	1994	2014-08-23
42	1995	2014-09-16
48	1996	2014-08-30
21	1997	2014-09-13
48	1998	2014-08-27
44	1999	2014-08-22
14	2000	2014-09-14
46	2001	2014-09-06
22	2002	2014-09-21
6	2003	2014-08-20
42	2004	2014-08-25
31	2005	2014-09-20
16	2006	2014-08-24
22	2007	2014-09-04
41	2008	2014-09-13
3	2009	2014-09-20
13	2010	2014-09-07
12	2011	2014-09-18
31	2012	2014-08-23
16	2013	2014-09-08
35	2014	2014-09-06
45	2015	2014-09-08
31	2016	2014-09-12
18	2017	2014-09-14
45	2018	2014-08-27
29	2019	2014-08-22
4	2020	2014-09-21
23	2021	2014-08-28
30	2022	2014-09-20
22	2023	2014-09-11
44	2024	2014-08-30
18	2025	2014-08-30
21	2026	2014-08-24
28	2027	2014-08-22
26	2028	2014-08-29
36	2029	2014-09-19
17	2030	2014-09-09
26	2031	2014-09-02
40	2032	2014-08-28
12	2033	2014-09-18
5	2034	2014-09-02
41	2035	2014-09-06
44	2036	2014-08-21
8	2037	2014-09-05
43	2038	2014-09-13
23	2039	2014-09-05
16	2040	2014-09-10
1	2041	2014-09-03
8	2042	2014-09-19
6	2043	2014-09-11
35	2044	2014-08-24
31	2045	2014-08-31
50	2046	2014-09-16
41	2047	2014-08-25
9	2048	2014-09-13
48	2049	2014-09-10
46	2050	2014-09-09
10	2051	2014-09-15
6	2052	2014-09-03
13	2053	2014-09-20
13	2054	2014-08-28
47	2055	2014-09-18
24	2056	2014-08-20
2	2057	2014-09-20
2	2058	2014-08-27
39	2059	2014-09-21
5	2060	2014-08-21
6	2061	2014-09-03
5	2062	2014-09-07
2	2063	2014-08-31
25	2064	2014-09-12
19	2065	2014-09-05
6	2066	2014-09-14
45	2067	2014-08-22
41	2068	2014-09-18
19	2069	2014-09-01
18	2070	2014-09-16
32	2071	2014-09-02
46	2072	2014-08-31
22	2073	2014-09-01
40	2074	2014-08-21
44	2075	2014-09-12
47	2076	2014-08-24
40	2077	2014-08-23
31	2078	2014-08-27
48	2079	2014-09-13
35	2080	2014-09-20
28	2081	2014-09-14
32	2082	2014-09-05
39	2083	2014-08-21
15	2084	2014-09-03
40	2085	2014-08-29
42	2086	2014-09-09
14	2087	2014-09-17
11	2088	2014-09-18
47	2089	2014-08-31
4	2090	2014-09-19
35	2091	2014-09-01
45	2092	2014-09-19
30	2093	2014-08-23
6	2094	2014-08-30
9	2095	2014-09-05
7	2096	2014-08-20
8	2097	2014-09-10
30	2098	2014-08-25
11	2099	2014-09-14
33	2100	2014-09-09
18	2101	2014-09-08
8	2102	2014-08-28
35	2103	2014-08-26
20	2104	2014-09-03
3	2105	2014-09-07
22	2106	2014-09-01
2	2107	2014-09-17
11	2108	2014-09-01
32	2109	2014-09-16
35	2110	2014-09-08
48	2111	2014-09-21
28	2112	2014-09-07
10	2113	2014-08-28
34	2114	2014-09-19
2	2115	2014-09-17
4	2116	2014-09-07
15	2117	2014-08-31
33	2118	2014-09-21
42	2119	2014-09-09
17	2120	2014-09-04
33	2121	2014-09-18
47	2122	2014-09-08
22	2123	2014-09-12
45	2124	2014-09-07
47	2125	2014-09-04
14	2126	2014-09-10
22	2127	2014-08-21
49	2128	2014-09-06
23	2129	2014-08-25
14	2130	2014-09-07
32	2131	2014-08-26
40	2132	2014-09-13
43	2133	2014-09-08
14	2134	2014-09-20
37	2135	2014-09-08
8	2136	2014-08-30
19	2137	2014-09-05
48	2138	2014-09-11
39	2139	2014-09-17
41	2140	2014-08-30
21	2141	2014-09-01
2	2142	2014-08-28
1	2143	2014-09-11
21	2144	2014-08-23
31	2145	2014-08-23
15	2146	2014-09-17
39	2147	2014-08-30
44	2148	2014-09-05
17	2149	2014-09-19
44	2150	2014-09-08
35	2151	2014-09-20
17	2152	2014-08-29
27	2153	2014-09-11
23	2154	2014-08-28
14	2155	2014-09-02
45	2156	2014-09-18
27	2157	2014-08-31
9	2158	2014-09-21
31	2159	2014-09-10
49	2160	2014-09-07
50	2161	2014-09-07
9	2162	2014-09-14
34	2163	2014-08-31
35	2164	2014-09-01
4	2165	2014-08-30
25	2166	2014-08-31
17	2167	2014-09-19
36	2168	2014-09-02
7	2169	2014-08-29
33	2170	2014-09-11
40	2171	2014-08-31
33	2172	2014-08-23
8	2173	2014-08-29
12	2174	2014-09-12
31	2175	2014-08-26
13	2176	2014-08-21
10	2177	2014-09-21
19	2178	2014-09-04
40	2179	2014-09-21
16	2180	2014-08-23
33	2181	2014-09-20
32	2182	2014-08-24
47	2183	2014-09-09
39	2184	2014-09-08
4	2185	2014-08-28
49	2186	2014-09-04
12	2187	2014-09-06
22	2188	2014-08-26
34	2189	2014-09-06
2	2190	2014-09-01
5	2191	2014-08-30
44	2192	2014-09-20
23	2193	2014-08-28
44	2194	2014-08-20
46	2195	2014-08-24
42	2196	2014-09-19
29	2197	2014-08-23
43	2198	2014-08-28
45	2199	2014-09-12
34	2200	2014-08-26
45	2201	2014-09-09
28	2202	2014-09-07
36	2203	2014-09-16
19	2204	2014-08-30
25	2205	2014-08-20
36	2206	2014-09-09
40	2207	2014-09-04
45	2208	2014-09-08
3	2209	2014-08-29
50	2210	2014-08-30
10	2211	2014-08-28
36	2212	2014-09-03
42	2213	2014-08-31
23	2214	2014-09-04
19	2215	2014-09-11
38	2216	2014-08-30
26	2217	2014-09-11
29	2218	2014-08-30
23	2219	2014-08-29
24	2220	2014-09-01
41	2221	2014-08-27
36	2222	2014-09-14
33	2223	2014-09-07
4	2224	2014-09-11
41	2225	2014-09-17
41	2226	2014-08-21
15	2227	2014-08-22
9	2228	2014-09-12
45	2229	2014-09-19
1	2230	2014-09-10
8	2231	2014-09-09
47	2232	2014-09-09
11	2233	2014-09-06
29	2234	2014-08-30
42	2235	2014-08-26
24	2236	2014-09-21
4	2237	2014-08-22
15	2238	2014-08-20
40	2239	2014-09-20
30	2240	2014-09-13
5	2241	2014-08-28
15	2242	2014-08-23
44	2243	2014-09-19
38	2244	2014-09-05
19	2245	2014-09-02
44	2246	2014-08-22
16	2247	2014-09-19
4	2248	2014-09-04
43	2249	2014-09-07
26	2250	2014-09-19
27	2251	2014-08-29
45	2252	2014-09-11
35	2253	2014-09-02
43	2254	2014-09-12
47	2255	2014-09-21
42	2256	2014-08-23
41	2257	2014-09-09
41	2258	2014-08-26
5	2259	2014-09-19
47	2260	2014-08-20
17	2261	2014-09-13
7	2262	2014-09-13
48	2263	2014-09-16
33	2264	2014-08-28
12	2265	2014-09-18
36	2266	2014-09-08
37	2267	2014-09-18
41	2268	2014-09-02
50	2269	2014-08-21
37	2270	2014-09-10
38	2271	2014-09-09
26	2272	2014-09-01
7	2273	2014-09-06
43	2274	2014-09-20
11	2275	2014-09-12
38	2276	2014-09-10
34	2277	2014-09-01
6	2278	2014-09-12
47	2279	2014-09-13
30	2280	2014-09-10
41	2281	2014-09-08
44	2282	2014-09-12
38	2283	2014-09-19
32	2284	2014-09-07
31	2285	2014-09-11
35	2286	2014-09-16
18	2287	2014-09-16
22	2288	2014-08-23
12	2289	2014-08-26
20	2290	2014-09-02
17	2291	2014-09-04
40	2292	2014-09-19
37	2293	2014-08-28
25	2294	2014-08-31
8	2295	2014-08-22
12	2296	2014-09-05
35	2297	2014-09-18
37	2298	2014-08-29
28	2299	2014-09-16
7	2300	2014-09-15
42	2301	2014-09-21
41	2302	2014-09-06
16	2303	2014-09-05
45	2304	2014-08-28
37	2305	2014-08-30
31	2306	2014-09-04
26	2307	2014-09-14
5	2308	2014-09-01
36	2309	2014-09-08
40	2310	2014-09-15
2	2311	2014-08-22
25	2312	2014-09-11
16	2313	2014-09-07
18	2314	2014-08-21
11	2315	2014-09-18
14	2316	2014-08-27
49	2317	2014-09-02
42	2318	2014-09-09
35	2319	2014-08-28
5	2320	2014-08-20
41	2321	2014-09-16
30	2322	2014-09-09
8	2323	2014-08-28
48	2324	2014-09-08
32	2325	2014-08-22
35	2326	2014-08-29
16	2327	2014-09-19
5	2328	2014-09-09
42	2329	2014-09-13
37	2330	2014-08-30
12	2331	2014-08-24
49	2332	2014-09-07
28	2333	2014-08-27
9	2334	2014-08-28
39	2335	2014-09-16
46	2336	2014-08-29
17	2337	2014-09-04
4	2338	2014-08-26
44	2339	2014-08-29
37	2340	2014-08-28
8	2341	2014-09-07
40	2342	2014-09-12
16	2343	2014-09-01
36	2344	2014-09-08
22	2345	2014-09-07
28	2346	2014-09-10
7	2347	2014-09-13
24	2348	2014-08-30
48	2349	2014-08-26
12	2350	2014-09-01
6	2351	2014-09-05
39	2352	2014-09-01
44	2353	2014-09-09
29	2354	2014-09-11
20	2355	2014-09-20
43	2356	2014-09-12
25	2357	2014-08-23
3	2358	2014-09-11
1	2359	2014-09-07
20	2360	2014-09-18
28	2361	2014-09-05
8	2362	2014-08-23
43	2363	2014-09-01
21	2364	2014-08-30
25	2365	2014-09-08
11	2366	2014-09-13
39	2367	2014-09-03
22	2368	2014-09-17
4	2369	2014-09-16
22	2370	2014-09-05
27	2371	2014-09-02
44	2372	2014-09-13
36	2373	2014-09-03
46	2374	2014-09-21
19	2375	2014-09-21
24	2376	2014-08-27
23	2377	2014-09-15
32	2378	2014-09-17
34	2379	2014-09-16
1	2380	2014-08-23
31	2381	2014-09-10
34	2382	2014-08-29
42	2383	2014-09-12
37	2384	2014-08-29
49	2385	2014-09-21
43	2386	2014-09-06
45	2387	2014-09-05
24	2388	2014-09-21
19	2389	2014-09-17
26	2390	2014-09-01
45	2391	2014-09-17
21	2392	2014-08-21
49	2393	2014-08-25
25	2394	2014-09-15
38	2395	2014-09-07
12	2396	2014-09-13
24	2397	2014-08-26
24	2398	2014-09-20
4	2399	2014-08-27
18	2400	2014-08-21
39	2401	2014-08-31
31	2402	2014-09-15
20	2403	2014-09-03
48	2404	2014-08-20
14	2405	2014-08-30
40	2406	2014-08-26
47	2407	2014-09-10
40	2408	2014-09-13
24	2409	2014-09-11
18	2410	2014-09-09
11	2411	2014-09-16
12	2412	2014-09-01
20	2413	2014-09-19
23	2414	2014-09-05
27	2415	2014-09-05
42	2416	2014-09-15
12	2417	2014-09-14
28	2418	2014-09-16
25	2419	2014-08-22
35	2420	2014-08-25
30	2421	2014-08-26
32	2422	2014-09-03
2	2423	2014-09-21
29	2424	2014-09-12
35	2425	2014-09-11
18	2426	2014-09-21
14	2427	2014-08-23
15	2428	2014-08-30
26	2429	2014-09-03
32	2430	2014-08-25
45	2431	2014-09-12
16	2432	2014-09-05
38	2433	2014-09-04
40	2434	2014-08-20
26	2435	2014-08-31
13	2436	2014-09-12
48	2437	2014-09-17
4	2438	2014-09-15
46	2439	2014-08-20
35	2440	2014-09-10
19	2441	2014-09-21
22	2442	2014-08-29
10	2443	2014-08-27
46	2444	2014-09-01
32	2445	2014-08-27
18	2446	2014-08-20
38	2447	2014-09-21
17	2448	2014-08-25
9	2449	2014-09-03
45	2450	2014-08-28
20	2451	2014-08-20
43	2452	2014-09-11
16	2453	2014-09-13
40	2454	2014-08-20
31	2455	2014-09-12
8	2456	2014-08-30
23	2457	2014-09-05
22	2458	2014-08-20
46	2459	2014-08-30
31	2460	2014-09-19
41	2461	2014-09-17
20	2462	2014-09-02
48	2463	2014-09-17
16	2464	2014-09-04
6	2465	2014-09-05
20	2466	2014-08-23
44	2467	2014-09-08
21	2468	2014-08-30
33	2469	2014-08-26
39	2470	2014-08-22
4	2471	2014-09-06
31	2472	2014-08-26
48	2473	2014-09-11
38	2474	2014-09-06
45	2475	2014-08-29
22	2476	2014-08-26
6	2477	2014-08-29
43	2478	2014-09-05
5	2479	2014-09-02
44	2480	2014-08-25
3	2481	2014-09-17
1	2482	2014-08-25
37	2483	2014-08-25
3	2484	2014-08-30
30	2485	2014-09-03
10	2486	2014-09-07
4	2487	2014-08-23
45	2488	2014-08-20
26	2489	2014-08-29
10	2490	2014-08-23
31	2491	2014-09-19
12	2492	2014-09-05
37	2493	2014-09-19
36	2494	2014-08-26
43	2495	2014-08-28
9	2496	2014-08-24
49	2497	2014-09-11
26	2498	2014-08-24
11	2499	2014-08-20
19	2500	2014-08-29
43	2501	2014-09-09
35	2502	2014-09-02
18	2503	2014-08-21
9	2504	2014-09-10
44	2505	2014-08-30
11	2506	2014-09-08
7	2507	2014-09-05
17	2508	2014-08-22
46	2509	2014-09-13
42	2510	2014-09-01
47	2511	2014-09-05
33	2512	2014-08-22
19	2513	2014-09-17
32	2514	2014-09-15
17	2515	2014-09-16
14	2516	2014-09-21
46	2517	2014-08-27
43	2518	2014-09-14
8	2519	2014-09-21
44	2520	2014-09-07
27	2521	2014-09-09
28	2522	2014-09-10
46	2523	2014-08-25
4	2524	2014-08-21
14	2525	2014-09-08
47	2526	2014-09-15
36	2527	2014-09-04
19	2528	2014-08-21
18	2529	2014-09-13
23	2530	2014-09-11
13	2531	2014-09-09
46	2532	2014-08-23
35	2533	2014-09-14
15	2534	2014-09-15
15	2535	2014-09-16
44	2536	2014-08-25
3	2537	2014-09-15
38	2538	2014-09-12
33	2539	2014-09-21
20	2540	2014-08-25
6	2541	2014-09-10
39	2542	2014-08-20
24	2543	2014-09-14
16	2544	2014-08-22
28	2545	2014-09-11
12	2546	2014-08-25
3	2547	2014-08-23
9	2548	2014-09-07
18	2549	2014-08-21
13	2550	2014-09-14
44	2551	2014-08-22
38	2552	2014-08-22
35	2553	2014-08-29
44	2554	2014-08-31
47	2555	2014-09-18
9	2556	2014-08-26
3	2557	2014-09-10
46	2558	2014-09-14
30	2559	2014-08-26
45	2560	2014-09-16
12	2561	2014-08-26
15	2562	2014-08-25
40	2563	2014-09-16
5	2564	2014-09-15
34	2565	2014-09-07
15	2566	2014-09-15
21	2567	2014-09-18
7	2568	2014-08-29
17	2569	2014-09-16
41	2570	2014-09-09
17	2571	2014-08-30
12	2572	2014-09-02
6	2573	2014-09-17
14	2574	2014-08-28
41	2575	2014-08-22
20	2576	2014-09-06
24	2577	2014-09-03
8	2578	2014-08-20
5	2579	2014-08-23
6	2580	2014-09-06
2	2581	2014-09-21
4	2582	2014-09-17
39	2583	2014-09-03
48	2584	2014-09-17
7	2585	2014-09-03
19	2586	2014-08-31
41	2587	2014-09-09
25	2588	2014-08-21
5	2589	2014-08-29
34	2590	2014-09-18
17	2591	2014-08-22
5	2592	2014-09-15
45	2593	2014-09-08
42	2594	2014-08-29
8	2595	2014-08-29
33	2596	2014-08-22
13	2597	2014-09-01
40	2598	2014-09-07
33	2599	2014-09-17
42	2600	2014-08-22
24	2601	2014-08-25
40	2602	2014-08-25
18	2603	2014-09-20
21	2604	2014-09-13
18	2605	2014-09-18
3	2606	2014-09-09
31	2607	2014-08-20
15	2608	2014-09-09
37	2609	2014-09-08
48	2610	2014-08-31
21	2611	2014-09-05
3	2612	2014-08-20
22	2613	2014-09-12
19	2614	2014-09-09
46	2615	2014-08-21
18	2616	2014-09-05
17	2617	2014-09-01
25	2618	2014-09-03
9	2619	2014-09-15
28	2620	2014-09-18
12	2621	2014-08-23
44	2622	2014-08-22
28	2623	2014-08-20
45	2624	2014-08-28
35	2625	2014-08-22
1	2626	2014-09-17
27	2627	2014-09-11
11	2628	2014-09-14
26	2629	2014-09-01
16	2630	2014-09-11
4	2631	2014-09-19
23	2632	2014-09-09
50	2633	2014-09-17
27	2634	2014-09-07
11	2635	2014-08-28
48	2636	2014-09-16
45	2637	2014-09-15
11	2638	2014-08-20
21	2639	2014-09-16
29	2640	2014-09-01
26	2641	2014-09-16
10	2642	2014-08-20
15	2643	2014-08-20
19	2644	2014-09-09
14	2645	2014-09-01
4	2646	2014-09-19
14	2647	2014-09-12
39	2648	2014-09-14
44	2649	2014-09-16
22	2650	2014-09-02
3	2651	2014-09-01
25	2652	2014-09-02
8	2653	2014-09-12
21	2654	2014-08-28
39	2655	2014-09-09
39	2656	2014-09-16
27	2657	2014-08-25
10	2658	2014-08-22
10	2659	2014-08-30
31	2660	2014-08-23
38	2661	2014-09-12
2	2662	2014-08-30
37	2663	2014-09-07
41	2664	2014-09-21
23	2665	2014-09-18
43	2666	2014-08-30
47	2667	2014-09-11
10	2668	2014-08-26
34	2669	2014-08-24
38	2670	2014-09-01
33	2671	2014-09-19
10	2672	2014-09-15
8	2673	2014-09-17
49	2674	2014-09-03
20	2675	2014-09-15
15	2676	2014-08-28
2	2677	2014-08-24
28	2678	2014-08-26
25	2679	2014-09-11
16	2680	2014-09-18
36	2681	2014-09-09
36	2682	2014-09-16
47	2683	2014-08-21
18	2684	2014-08-20
16	2685	2014-08-27
19	2686	2014-09-04
25	2687	2014-08-26
33	2688	2014-09-06
31	2689	2014-09-04
32	2690	2014-09-07
44	2691	2014-09-13
43	2692	2014-09-19
14	2693	2014-08-31
45	2694	2014-09-09
47	2695	2014-08-20
8	2696	2014-09-14
11	2697	2014-08-20
26	2698	2014-09-05
17	2699	2014-09-02
35	2700	2014-08-21
23	2701	2014-08-31
48	2702	2014-09-09
44	2703	2014-09-05
44	2704	2014-08-27
20	2705	2014-09-04
8	2706	2014-08-31
21	2707	2014-08-27
50	2708	2014-09-10
4	2709	2014-09-10
49	2710	2014-09-07
3	2711	2014-09-13
11	2712	2014-09-06
1	2713	2014-09-16
4	2714	2014-09-10
27	2715	2014-09-12
20	2716	2014-09-03
44	2717	2014-09-16
39	2718	2014-09-03
20	2719	2014-08-25
24	2720	2014-09-15
29	2721	2014-08-20
35	2722	2014-09-16
43	2723	2014-08-24
43	2724	2014-09-16
44	2725	2014-09-19
45	2726	2014-09-15
46	2727	2014-08-20
39	2728	2014-09-10
23	2729	2014-09-06
31	2730	2014-09-20
25	2731	2014-09-11
38	2732	2014-08-30
35	2733	2014-09-13
43	2734	2014-08-27
11	2735	2014-08-24
42	2736	2014-09-09
17	2737	2014-09-04
24	2738	2014-08-24
43	2739	2014-08-26
12	2740	2014-08-28
6	2741	2014-09-15
20	2742	2014-09-14
8	2743	2014-09-08
36	2744	2014-09-03
16	2745	2014-09-18
23	2746	2014-08-23
13	2747	2014-08-27
42	2748	2014-08-22
37	2749	2014-09-21
39	2750	2014-09-20
13	2751	2014-08-25
29	2752	2014-08-22
39	2753	2014-09-15
41	2754	2014-09-08
23	2755	2014-09-05
4	2756	2014-08-21
4	2757	2014-08-25
4	2758	2014-09-12
23	2759	2014-09-09
20	2760	2014-09-20
41	2761	2014-09-17
46	2762	2014-09-16
30	2763	2014-09-06
46	2764	2014-08-30
4	2765	2014-09-21
49	2766	2014-09-08
32	2767	2014-09-11
42	2768	2014-09-13
29	2769	2014-09-02
39	2770	2014-09-14
36	2771	2014-08-29
24	2772	2014-09-21
40	2773	2014-09-13
40	2774	2014-08-24
17	2775	2014-08-30
40	2776	2014-09-20
15	2777	2014-09-07
43	2778	2014-08-26
32	2779	2014-08-26
8	2780	2014-08-25
41	2781	2014-09-10
34	2782	2014-08-22
29	2783	2014-09-06
15	2784	2014-09-20
46	2785	2014-09-11
41	2786	2014-09-01
39	2787	2014-08-21
23	2788	2014-08-21
19	2789	2014-09-03
10	2790	2014-08-26
44	2791	2014-08-31
14	2792	2014-09-06
35	2793	2014-08-21
2	2794	2014-09-11
11	2795	2014-09-18
26	2796	2014-09-03
15	2797	2014-09-02
47	2798	2014-09-14
47	2799	2014-09-04
43	2800	2014-08-28
46	2801	2014-09-15
9	2802	2014-09-21
33	2803	2014-08-31
30	2804	2014-08-20
13	2805	2014-08-26
32	2806	2014-09-15
31	2807	2014-09-21
14	2808	2014-08-20
5	2809	2014-09-06
28	2810	2014-09-07
25	2811	2014-08-20
44	2812	2014-09-14
45	2813	2014-09-02
37	2814	2014-08-29
9	2815	2014-08-28
12	2816	2014-09-16
36	2817	2014-08-29
40	2818	2014-09-01
48	2819	2014-08-22
47	2820	2014-09-08
48	2821	2014-08-28
27	2822	2014-09-20
23	2823	2014-09-10
36	2824	2014-09-14
31	2825	2014-08-27
24	2826	2014-08-29
2	2827	2014-09-09
21	2828	2014-09-10
47	2829	2014-08-27
40	2830	2014-09-05
20	2831	2014-09-15
1	2832	2014-09-05
40	2833	2014-09-04
50	2834	2014-09-10
37	2835	2014-09-12
27	2836	2014-09-12
28	2837	2014-09-14
8	2838	2014-08-29
20	2839	2014-09-07
50	2840	2014-08-27
15	2841	2014-09-03
12	2842	2014-08-20
15	2843	2014-09-16
42	2844	2014-08-29
11	2845	2014-09-05
33	2846	2014-09-06
31	2847	2014-08-28
50	2848	2014-09-04
43	2849	2014-08-23
14	2850	2014-09-01
47	2851	2014-08-26
4	2852	2014-09-08
28	2853	2014-08-24
13	2854	2014-09-19
37	2855	2014-09-21
42	2856	2014-09-03
40	2857	2014-08-31
7	2858	2014-09-14
18	2859	2014-08-22
25	2860	2014-09-05
9	2861	2014-09-09
5	2862	2014-09-09
10	2863	2014-09-18
48	2864	2014-09-13
15	2865	2014-09-12
24	2866	2014-09-03
20	2867	2014-09-06
18	2868	2014-08-28
19	2869	2014-09-09
33	2870	2014-08-21
14	2871	2014-09-06
34	2872	2014-08-23
48	2873	2014-08-25
41	2874	2014-08-30
9	2875	2014-09-05
27	2876	2014-09-13
25	2877	2014-09-18
39	2878	2014-09-12
21	2879	2014-09-07
30	2880	2014-09-12
20	2881	2014-08-20
42	2882	2014-09-17
17	2883	2014-09-03
28	2884	2014-08-28
44	2885	2014-09-11
16	2886	2014-09-05
29	2887	2014-08-29
41	2888	2014-09-21
20	2889	2014-09-19
42	2890	2014-09-04
4	2891	2014-09-19
20	2892	2014-09-19
26	2893	2014-09-19
23	2894	2014-09-18
17	2895	2014-09-10
24	2896	2014-09-17
14	2897	2014-09-20
23	2898	2014-08-22
30	2899	2014-08-28
4	2900	2014-09-18
13	2901	2014-08-22
6	2902	2014-09-19
33	2903	2014-09-07
45	2904	2014-08-30
10	2905	2014-09-09
26	2906	2014-09-17
13	2907	2014-09-16
32	2908	2014-09-08
22	2909	2014-09-17
4	2910	2014-09-01
15	2911	2014-09-06
29	2912	2014-09-14
11	2913	2014-09-06
6	2914	2014-09-15
48	2915	2014-09-07
32	2916	2014-09-08
18	2917	2014-08-30
49	2918	2014-09-19
22	2919	2014-08-26
16	2920	2014-09-04
3	2921	2014-09-13
37	2922	2014-09-08
21	2923	2014-09-02
5	2924	2014-08-23
39	2925	2014-09-21
38	2926	2014-08-29
32	2927	2014-08-21
45	2928	2014-08-20
13	2929	2014-09-06
2	2930	2014-08-24
23	2931	2014-08-21
13	2932	2014-08-23
41	2933	2014-09-13
36	2934	2014-09-16
26	2935	2014-09-19
13	2936	2014-09-14
12	2937	2014-09-19
7	2938	2014-08-27
32	2939	2014-09-14
14	2940	2014-09-21
32	2941	2014-09-02
29	2942	2014-09-19
25	2943	2014-09-15
14	2944	2014-09-09
30	2945	2014-08-30
37	2946	2014-09-04
1	2947	2014-08-27
37	2948	2014-08-30
24	2949	2014-09-14
10	2950	2014-09-10
17	2951	2014-08-31
19	2952	2014-08-25
7	2953	2014-08-26
34	2954	2014-09-18
31	2955	2014-09-07
35	2956	2014-09-07
4	2957	2014-09-16
12	2958	2014-09-02
46	2959	2014-08-30
7	2960	2014-08-30
41	2961	2014-09-01
20	2962	2014-08-29
9	2963	2014-09-10
21	2964	2014-08-29
20	2965	2014-09-13
12	2966	2014-09-12
18	2967	2014-08-25
7	2968	2014-09-04
22	2969	2014-08-26
47	2970	2014-09-14
5	2971	2014-09-20
13	2972	2014-09-05
25	2973	2014-09-07
12	2974	2014-09-01
7	2975	2014-08-21
3	2976	2014-08-30
3	2977	2014-09-01
39	2978	2014-09-08
5	2979	2014-09-18
4	2980	2014-09-03
26	2981	2014-09-09
50	2982	2014-09-11
31	2983	2014-09-13
23	2984	2014-09-11
43	2985	2014-09-10
3	2986	2014-09-02
11	2987	2014-09-01
17	2988	2014-08-29
18	2989	2014-09-12
40	2990	2014-08-24
40	2991	2014-08-24
15	2992	2014-09-02
29	2993	2014-08-23
40	2994	2014-09-09
36	2995	2014-08-25
12	2996	2014-08-25
28	2997	2014-08-21
21	2998	2014-09-11
16	2999	2014-08-20
20	3000	2014-09-16
3	3001	2014-08-23
29	3002	2014-09-10
17	3003	2014-08-28
44	3004	2014-08-29
30	3005	2014-09-15
6	3006	2014-08-22
8	3007	2014-09-18
9	3008	2014-08-23
10	3009	2014-09-06
42	3010	2014-09-13
15	3011	2014-09-01
2	3012	2014-08-25
42	3013	2014-08-23
15	3014	2014-09-17
8	3015	2014-09-05
13	3016	2014-08-21
34	3017	2014-09-16
49	3018	2014-08-30
44	3019	2014-08-21
16	3020	2014-09-20
32	3021	2014-08-25
21	3022	2014-09-12
31	3023	2014-09-14
23	3024	2014-08-21
18	3025	2014-09-06
20	3026	2014-08-23
32	3027	2014-09-04
16	3028	2014-08-30
15	3029	2014-09-19
29	3030	2014-09-07
22	3031	2014-09-05
29	3032	2014-08-28
45	3033	2014-09-15
21	3034	2014-08-20
30	3035	2014-09-02
24	3036	2014-08-22
43	3037	2014-09-02
7	3038	2014-08-31
6	3039	2014-09-11
24	3040	2014-08-21
2	3041	2014-09-19
37	3042	2014-09-10
10	3043	2014-08-30
38	3044	2014-09-20
42	3045	2014-08-23
48	3046	2014-09-19
44	3047	2014-08-21
27	3048	2014-09-13
43	3049	2014-09-02
11	3050	2014-08-30
4	3051	2014-08-31
21	3052	2014-08-21
36	3053	2014-09-01
41	3054	2014-09-20
43	3055	2014-08-22
36	3056	2014-09-07
40	3057	2014-08-30
28	3058	2014-08-30
21	3059	2014-08-24
48	3060	2014-09-10
10	3061	2014-09-20
6	3062	2014-09-20
15	3063	2014-09-16
8	3064	2014-09-07
39	3065	2014-09-11
2	3066	2014-09-15
16	3067	2014-09-10
47	3068	2014-09-16
44	3069	2014-09-04
22	3070	2014-09-13
23	3071	2014-09-17
42	3072	2014-09-06
8	3073	2014-08-23
16	3074	2014-09-21
33	3075	2014-09-06
2	3076	2014-08-26
21	3077	2014-08-30
16	3078	2014-09-06
31	3079	2014-09-16
45	3080	2014-09-10
42	3081	2014-09-20
5	3082	2014-09-15
29	3083	2014-09-20
15	3084	2014-08-26
26	3085	2014-08-26
42	3086	2014-08-31
27	3087	2014-08-21
11	3088	2014-08-25
32	3089	2014-08-20
10	3090	2014-09-17
2	3091	2014-09-09
26	3092	2014-08-25
44	3093	2014-09-20
41	3094	2014-09-05
8	3095	2014-09-12
23	3096	2014-08-23
49	3097	2014-08-21
44	3098	2014-09-12
33	3099	2014-09-04
50	3100	2014-08-28
11	3101	2014-09-09
1	3102	2014-09-14
42	3103	2014-08-20
34	3104	2014-09-07
38	3105	2014-09-08
23	3106	2014-09-18
21	3107	2014-09-14
39	3108	2014-09-10
3	3109	2014-08-22
12	3110	2014-08-21
36	3111	2014-09-16
17	3112	2014-09-19
11	3113	2014-09-02
46	3114	2014-09-03
14	3115	2014-08-28
5	3116	2014-09-04
40	3117	2014-09-16
34	3118	2014-08-22
5	3119	2014-09-07
39	3120	2014-08-20
18	3121	2014-09-13
28	3122	2014-09-15
36	3123	2014-09-05
8	3124	2014-09-20
41	3125	2014-08-29
4	3126	2014-08-22
27	3127	2014-08-28
32	3128	2014-08-22
16	3129	2014-09-05
44	3130	2014-09-12
7	3131	2014-09-11
17	3132	2014-08-20
17	3133	2014-08-24
8	3134	2014-09-20
33	3135	2014-09-03
23	3136	2014-08-30
15	3137	2014-09-04
29	3138	2014-08-31
13	3139	2014-09-05
13	3140	2014-09-01
49	3141	2014-08-30
39	3142	2014-09-12
29	3143	2014-08-20
9	3144	2014-08-29
44	3145	2014-08-27
50	3146	2014-08-22
37	3147	2014-09-09
11	3148	2014-09-05
32	3149	2014-09-04
35	3150	2014-09-02
11	3151	2014-09-14
22	3152	2014-09-14
21	3153	2014-09-06
7	3154	2014-09-21
39	3155	2014-09-17
48	3156	2014-09-14
10	3157	2014-09-20
41	3158	2014-09-16
39	3159	2014-09-07
20	3160	2014-08-26
41	3161	2014-09-08
40	3162	2014-09-20
42	3163	2014-08-23
4	3164	2014-08-30
14	3165	2014-08-27
19	3166	2014-08-30
26	3167	2014-09-09
15	3168	2014-09-13
24	3169	2014-08-24
48	3170	2014-09-07
21	3171	2014-09-06
24	3172	2014-09-17
6	3173	2014-08-30
24	3174	2014-08-24
21	3175	2014-08-31
22	3176	2014-09-09
35	3177	2014-09-13
26	3178	2014-09-20
42	3179	2014-08-28
34	3180	2014-09-03
49	3181	2014-08-26
47	3182	2014-09-10
44	3183	2014-09-08
38	3184	2014-08-27
47	3185	2014-09-16
16	3186	2014-09-07
8	3187	2014-08-22
1	3188	2014-08-29
38	3189	2014-08-27
32	3190	2014-08-21
47	3191	2014-09-08
6	3192	2014-08-24
37	3193	2014-09-18
27	3194	2014-09-13
44	3195	2014-09-05
5	3196	2014-08-31
27	3197	2014-09-04
37	3198	2014-09-17
22	3199	2014-09-09
12	3200	2014-08-22
9	3201	2014-08-30
16	3202	2014-09-19
7	3203	2014-08-22
48	3204	2014-09-20
15	3205	2014-09-09
12	3206	2014-08-27
45	3207	2014-08-23
42	3208	2014-08-31
38	3209	2014-08-30
5	3210	2014-09-12
24	3211	2014-08-29
2	3212	2014-09-08
46	3213	2014-09-02
10	3214	2014-08-25
2	3215	2014-09-15
39	3216	2014-08-23
25	3217	2014-09-20
41	3218	2014-09-14
6	3219	2014-08-27
37	3220	2014-09-11
49	3221	2014-08-25
6	3222	2014-08-25
43	3223	2014-09-10
34	3224	2014-09-10
34	3225	2014-08-31
40	3226	2014-09-04
27	3227	2014-08-30
30	3228	2014-09-18
33	3229	2014-09-13
9	3230	2014-09-19
20	3231	2014-08-31
16	3232	2014-09-08
29	3233	2014-09-20
35	3234	2014-09-05
7	3235	2014-08-26
4	3236	2014-09-07
46	3237	2014-09-08
10	3238	2014-09-01
41	3239	2014-09-03
10	3240	2014-09-08
40	3241	2014-09-09
45	3242	2014-09-04
3	3243	2014-09-03
38	3244	2014-09-09
7	3245	2014-08-24
32	3246	2014-09-08
26	3247	2014-09-11
44	3248	2014-08-21
2	3249	2014-08-31
41	3250	2014-08-24
45	3251	2014-09-14
14	3252	2014-08-22
6	3253	2014-09-12
43	3254	2014-09-07
17	3255	2014-09-11
22	3256	2014-09-20
24	3257	2014-09-03
4	3258	2014-08-26
38	3259	2014-08-28
14	3260	2014-08-31
19	3261	2014-09-10
28	3262	2014-08-23
40	3263	2014-09-03
46	3264	2014-08-21
21	3265	2014-09-13
42	3266	2014-09-18
32	3267	2014-08-31
31	3268	2014-09-21
22	3269	2014-09-05
47	3270	2014-08-28
9	3271	2014-08-25
6	3272	2014-09-05
43	3273	2014-08-23
32	3274	2014-09-04
23	3275	2014-08-30
7	3276	2014-09-21
5	3277	2014-08-30
45	3278	2014-09-20
32	3279	2014-08-28
49	3280	2014-09-20
12	3281	2014-08-28
40	3282	2014-09-15
22	3283	2014-09-06
28	3284	2014-08-20
24	3285	2014-09-20
48	3286	2014-08-28
5	3287	2014-09-11
47	3288	2014-09-08
45	3289	2014-09-21
45	3290	2014-09-09
14	3291	2014-09-16
2	3292	2014-09-21
12	3293	2014-09-06
9	3294	2014-09-04
34	3295	2014-09-09
15	3296	2014-08-30
13	3297	2014-09-20
3	3298	2014-09-11
36	3299	2014-08-28
30	3300	2014-09-14
31	3301	2014-08-21
26	3302	2014-09-07
2	3303	2014-08-24
36	3304	2014-09-14
8	3305	2014-08-29
48	3306	2014-09-16
28	3307	2014-09-08
17	3308	2014-08-25
17	3309	2014-09-19
15	3310	2014-08-30
38	3311	2014-09-19
24	3312	2014-08-21
27	3313	2014-08-20
34	3314	2014-09-07
1	3315	2014-09-01
23	3316	2014-09-08
43	3317	2014-09-09
27	3318	2014-09-18
34	3319	2014-09-20
5	3320	2014-09-20
7	3321	2014-08-28
36	3322	2014-08-30
14	3323	2014-09-11
23	3324	2014-08-30
25	3325	2014-08-26
28	3326	2014-09-11
35	3327	2014-09-06
7	3328	2014-09-21
42	3329	2014-09-12
39	3330	2014-09-14
3	3331	2014-09-09
21	3332	2014-09-14
19	3333	2014-09-13
2	3334	2014-08-21
8	3335	2014-09-20
37	3336	2014-09-03
5	3337	2014-09-15
25	3338	2014-08-25
6	3339	2014-09-06
49	3340	2014-08-27
12	3341	2014-09-21
13	3342	2014-08-29
42	3343	2014-08-23
26	3344	2014-08-25
7	3345	2014-09-07
40	3346	2014-09-06
24	3347	2014-09-05
44	3348	2014-09-21
37	3349	2014-08-20
24	3350	2014-09-18
4	3351	2014-08-24
7	3352	2014-09-20
12	3353	2014-09-16
42	3354	2014-09-17
7	3355	2014-09-18
43	3356	2014-08-23
37	3357	2014-09-11
13	3358	2014-09-16
20	3359	2014-08-25
25	3360	2014-08-27
31	3361	2014-09-03
11	3362	2014-09-20
27	3363	2014-09-08
18	3364	2014-09-12
38	3365	2014-09-19
24	3366	2014-09-15
16	3367	2014-09-21
13	3368	2014-09-02
7	3369	2014-08-21
36	3370	2014-08-21
28	3371	2014-09-15
6	3372	2014-08-23
3	3373	2014-09-12
20	3374	2014-09-20
20	3375	2014-09-04
28	3376	2014-09-06
39	3377	2014-09-03
29	3378	2014-08-24
34	3379	2014-09-19
27	3380	2014-08-27
44	3381	2014-09-09
5	3382	2014-09-11
26	3383	2014-08-21
24	3384	2014-08-21
6	3385	2014-09-05
12	3386	2014-09-12
38	3387	2014-08-24
43	3388	2014-08-31
23	3389	2014-08-21
44	3390	2014-09-04
6	3391	2014-09-16
45	3392	2014-08-20
24	3393	2014-09-13
39	3394	2014-08-29
16	3395	2014-09-13
45	3396	2014-09-16
33	3397	2014-08-26
9	3398	2014-09-11
6	3399	2014-09-10
25	3400	2014-09-11
37	3401	2014-09-06
2	3402	2014-08-29
13	3403	2014-09-08
7	3404	2014-08-24
8	3405	2014-09-05
47	3406	2014-09-19
43	3407	2014-09-02
29	3408	2014-09-01
21	3409	2014-09-17
7	3410	2014-09-06
16	3411	2014-09-12
31	3412	2014-09-11
30	3413	2014-08-21
23	3414	2014-09-16
3	3415	2014-09-15
1	3416	2014-08-23
39	3417	2014-09-17
49	3418	2014-09-19
20	3419	2014-08-23
39	3420	2014-09-11
32	3421	2014-08-27
21	3422	2014-09-07
48	3423	2014-09-17
48	3424	2014-09-15
1	3425	2014-09-07
31	3426	2014-09-03
17	3427	2014-09-07
33	3428	2014-09-11
12	3429	2014-08-27
47	3430	2014-09-13
34	3431	2014-09-16
5	3432	2014-09-14
42	3433	2014-08-24
24	3434	2014-08-30
21	3435	2014-09-15
43	3436	2014-09-02
31	3437	2014-08-22
44	3438	2014-08-31
20	3439	2014-09-18
44	3440	2014-08-22
47	3441	2014-09-19
34	3442	2014-09-18
43	3443	2014-09-02
46	3444	2014-09-03
23	3445	2014-09-18
31	3446	2014-09-12
43	3447	2014-09-18
33	3448	2014-09-04
29	3449	2014-09-09
42	3450	2014-09-13
22	3451	2014-08-29
13	3452	2014-09-13
40	3453	2014-08-23
20	3454	2014-09-13
15	3455	2014-09-17
48	3456	2014-08-27
45	3457	2014-08-20
46	3458	2014-09-04
42	3459	2014-09-06
49	3460	2014-08-28
36	3461	2014-08-21
13	3462	2014-09-13
33	3463	2014-08-28
26	3464	2014-09-12
22	3465	2014-09-01
29	3466	2014-09-12
27	3467	2014-09-03
8	3468	2014-09-03
7	3469	2014-08-28
35	3470	2014-08-30
42	3471	2014-09-09
39	3472	2014-08-24
40	3473	2014-08-30
40	3474	2014-08-29
49	3475	2014-08-27
31	3476	2014-08-26
11	3477	2014-09-13
2	3478	2014-09-07
26	3479	2014-08-25
39	3480	2014-09-06
43	3481	2014-09-07
2	3482	2014-08-24
44	3483	2014-09-19
41	3484	2014-08-23
15	3485	2014-09-10
43	3486	2014-08-31
13	3487	2014-08-28
38	3488	2014-08-20
46	3489	2014-09-02
22	3490	2014-09-11
7	3491	2014-09-17
23	3492	2014-08-22
5	3493	2014-09-09
18	3494	2014-09-14
31	3495	2014-09-17
23	3496	2014-08-28
18	3497	2014-08-21
34	3498	2014-09-14
32	3499	2014-09-05
19	3500	2014-09-20
31	3501	2014-08-22
23	3502	2014-09-01
41	3503	2014-09-14
20	3504	2014-09-17
16	3505	2014-09-07
45	3506	2014-09-05
31	3507	2014-08-30
44	3508	2014-09-20
2	3509	2014-09-07
41	3510	2014-08-25
7	3511	2014-09-02
8	3512	2014-09-16
2	3513	2014-08-25
45	3514	2014-09-04
37	3515	2014-09-01
45	3516	2014-09-01
3	3517	2014-09-04
11	3518	2014-09-14
48	3519	2014-08-22
35	3520	2014-09-21
23	3521	2014-08-28
5	3522	2014-09-16
39	3523	2014-09-06
43	3524	2014-09-21
19	3525	2014-09-21
48	3526	2014-09-17
43	3527	2014-09-03
5	3528	2014-09-13
26	3529	2014-09-06
2	3530	2014-09-14
15	3531	2014-08-29
12	3532	2014-09-10
9	3533	2014-09-15
38	3534	2014-08-23
12	3535	2014-08-27
30	3536	2014-09-03
10	3537	2014-09-11
4	3538	2014-09-21
16	3539	2014-09-03
36	3540	2014-09-14
13	3541	2014-09-20
6	3542	2014-08-31
48	3543	2014-08-26
46	3544	2014-09-09
35	3545	2014-09-11
35	3546	2014-08-20
14	3547	2014-09-12
35	3548	2014-08-24
20	3549	2014-09-07
32	3550	2014-08-26
7	3551	2014-08-30
29	3552	2014-09-01
18	3553	2014-08-25
13	3554	2014-09-08
15	3555	2014-08-23
11	3556	2014-09-04
20	3557	2014-09-09
13	3558	2014-08-28
35	3559	2014-09-08
26	3560	2014-09-03
8	3561	2014-09-21
9	3562	2014-08-25
40	3563	2014-08-20
37	3564	2014-09-07
4	3565	2014-08-22
6	3566	2014-09-21
29	3567	2014-08-22
47	3568	2014-08-22
45	3569	2014-09-20
30	3570	2014-09-19
13	3571	2014-08-28
24	3572	2014-09-01
23	3573	2014-09-18
41	3574	2014-09-20
27	3575	2014-09-09
13	3576	2014-09-20
39	3577	2014-08-21
33	3578	2014-09-20
29	3579	2014-08-29
21	3580	2014-09-01
49	3581	2014-09-01
47	3582	2014-09-05
9	3583	2014-09-19
46	3584	2014-08-25
29	3585	2014-08-29
3	3586	2014-09-15
48	3587	2014-08-28
37	3588	2014-09-03
26	3589	2014-09-13
33	3590	2014-09-06
11	3591	2014-08-24
37	3592	2014-09-18
49	3593	2014-09-15
13	3594	2014-09-21
21	3595	2014-09-13
3	3596	2014-08-28
22	3597	2014-09-19
35	3598	2014-09-21
39	3599	2014-09-02
16	3600	2014-09-03
18	3601	2014-08-25
39	3602	2014-08-21
42	3603	2014-09-17
16	3604	2014-08-21
30	3605	2014-08-28
7	3606	2014-09-01
48	3607	2014-08-28
19	3608	2014-08-28
30	3609	2014-09-04
7	3610	2014-09-21
42	3611	2014-09-06
32	3612	2014-09-10
39	3613	2014-09-10
19	3614	2014-09-06
23	3615	2014-09-14
7	3616	2014-08-26
29	3617	2014-09-06
12	3618	2014-09-05
29	3619	2014-08-21
2	3620	2014-08-26
8	3621	2014-08-31
46	3622	2014-09-20
6	3623	2014-09-12
29	3624	2014-09-13
12	3625	2014-09-21
42	3626	2014-08-20
12	3627	2014-09-11
4	3628	2014-09-06
6	3629	2014-08-22
17	3630	2014-09-10
14	3631	2014-08-21
49	3632	2014-09-20
41	3633	2014-09-09
10	3634	2014-09-10
15	3635	2014-08-31
16	3636	2014-08-25
48	3637	2014-09-19
31	3638	2014-09-19
33	3639	2014-08-31
21	3640	2014-08-30
19	3641	2014-08-31
46	3642	2014-08-24
33	3643	2014-09-05
11	3644	2014-08-21
15	3645	2014-09-07
6	3646	2014-09-03
17	3647	2014-09-13
7	3648	2014-09-10
9	3649	2014-09-01
10	3650	2014-09-08
28	3651	2014-09-10
25	3652	2014-09-08
6	3653	2014-09-17
39	3654	2014-08-28
26	3655	2014-08-26
36	3656	2014-09-07
10	3657	2014-09-06
14	3658	2014-09-19
19	3659	2014-08-23
9	3660	2014-09-01
50	3661	2014-09-15
24	3662	2014-09-15
8	3663	2014-09-17
40	3664	2014-09-06
42	3665	2014-08-28
3	3666	2014-09-18
26	3667	2014-09-15
33	3668	2014-09-10
41	3669	2014-08-26
12	3670	2014-09-09
47	3671	2014-09-08
14	3672	2014-09-09
39	3673	2014-09-05
23	3674	2014-09-03
21	3675	2014-08-27
43	3676	2014-09-06
5	3677	2014-08-21
50	3678	2014-08-30
27	3679	2014-08-28
4	3680	2014-08-20
48	3681	2014-09-09
46	3682	2014-09-12
9	3683	2014-08-25
8	3684	2014-08-20
32	3685	2014-08-21
37	3686	2014-08-20
32	3687	2014-09-05
18	3688	2014-09-14
30	3689	2014-09-01
41	3690	2014-08-29
42	3691	2014-08-20
35	3692	2014-08-28
10	3693	2014-09-04
10	3694	2014-08-25
26	3695	2014-09-05
39	3696	2014-08-20
24	3697	2014-09-08
10	3698	2014-09-02
50	3699	2014-09-10
45	3700	2014-09-17
3	3701	2014-09-21
3	3702	2014-09-16
24	3703	2014-09-18
11	3704	2014-09-12
8	3705	2014-09-08
5	3706	2014-09-16
4	3707	2014-08-30
22	3708	2014-08-23
38	3709	2014-09-15
12	3710	2014-09-20
2	3711	2014-08-31
45	3712	2014-08-20
26	3713	2014-09-20
17	3714	2014-09-12
36	3715	2014-09-21
12	3716	2014-08-20
35	3717	2014-09-08
48	3718	2014-08-29
9	3719	2014-08-21
12	3720	2014-09-03
8	3721	2014-08-24
5	3722	2014-08-28
33	3723	2014-09-02
12	3724	2014-08-24
13	3725	2014-09-18
41	3726	2014-09-19
46	3727	2014-09-12
39	3728	2014-08-27
20	3729	2014-09-19
17	3730	2014-09-01
34	3731	2014-09-02
37	3732	2014-09-08
15	3733	2014-08-21
32	3734	2014-09-15
33	3735	2014-09-20
38	3736	2014-09-19
17	3737	2014-09-16
7	3738	2014-08-31
9	3739	2014-08-21
13	3740	2014-09-14
25	3741	2014-08-20
22	3742	2014-08-27
23	3743	2014-09-19
21	3744	2014-09-18
31	3745	2014-09-13
49	3746	2014-09-21
20	3747	2014-09-21
43	3748	2014-09-04
15	3749	2014-08-22
27	3750	2014-08-27
30	3751	2014-09-09
6	3752	2014-09-18
12	3753	2014-09-19
29	3754	2014-09-11
13	3755	2014-09-14
39	3756	2014-09-07
2	3757	2014-09-20
22	3758	2014-09-03
31	3759	2014-09-16
11	3760	2014-09-08
47	3761	2014-08-29
32	3762	2014-08-22
16	3763	2014-09-08
42	3764	2014-09-11
31	3765	2014-09-04
26	3766	2014-09-02
17	3767	2014-09-02
11	3768	2014-09-05
32	3769	2014-09-01
31	3770	2014-09-01
8	3771	2014-09-09
2	3772	2014-09-16
33	3773	2014-08-26
26	3774	2014-09-01
41	3775	2014-08-27
10	3776	2014-09-02
37	3777	2014-09-05
12	3778	2014-09-15
38	3779	2014-08-31
29	3780	2014-08-23
39	3781	2014-09-03
